0	http://data.linkedmdb.org/resource/film/14368
1	http://data.linkedmdb.org/resource/actor/30598
2	http://data.linkedmdb.org/resource/actor/43265
3	http://xmlns.com/foaf/0.1/Person
4	http://data.linkedmdb.org/resource/film/12398
5	http://data.linkedmdb.org/resource/actor/55700
6	http://data.linkedmdb.org/resource/director/10100
7	http://data.linkedmdb.org/resource/film/42868
8	http://data.linkedmdb.org/resource/actor/29369
9	http://data.linkedmdb.org/resource/performance/66980
10	http://data.linkedmdb.org/resource/film/44641
11	http://data.linkedmdb.org/resource/actor/33137
12	http://data.linkedmdb.org/resource/performance/70134
13	http://data.linkedmdb.org/resource/film/6213
14	http://data.linkedmdb.org/resource/editor/1656
15	http://data.linkedmdb.org/resource/film/63785
16	http://data.linkedmdb.org/resource/director/8424
17	http://data.linkedmdb.org/resource/music_contributor/4082
18	http://data.linkedmdb.org/resource/film/43033
19	http://data.linkedmdb.org/resource/actor/30569
20	http://data.linkedmdb.org/resource/film/12710
21	http://data.linkedmdb.org/resource/performance/71732
22	http://data.linkedmdb.org/resource/film/8292
23	http://data.linkedmdb.org/resource/film/6191
24	http://data.linkedmdb.org/resource/actor/32168
25	http://data.linkedmdb.org/resource/film/1338
26	http://data.linkedmdb.org/resource/actor/33729
27	http://data.linkedmdb.org/resource/film/6468
28	http://data.linkedmdb.org/resource/performance/43526
29	http://data.linkedmdb.org/resource/film/14438
30	http://www.lingvoj.org/lingvo/en
31	http://data.linkedmdb.org/resource/actor/62725
32	http://data.linkedmdb.org/resource/performance/161551
33	http://data.linkedmdb.org/resource/actor/38875
34	http://data.linkedmdb.org/resource/performance/42430
35	http://data.linkedmdb.org/resource/film/8442
36	http://data.linkedmdb.org/resource/film/44555
37	http://data.linkedmdb.org/resource/performance/76264
38	http://data.linkedmdb.org/resource/director/8669
39	http://data.linkedmdb.org/resource/film/39853
40	http://data.linkedmdb.org/resource/performance/23120
41	http://data.linkedmdb.org/resource/performance/25257
42	http://data.linkedmdb.org/resource/movie/film
43	http://data.linkedmdb.org/resource/film/8446
44	http://data.linkedmdb.org/resource/writer/2112
45	http://data.linkedmdb.org/resource/director/8590
46	http://data.linkedmdb.org/resource/film/16986
47	http://data.linkedmdb.org/resource/film/41573
48	http://data.linkedmdb.org/resource/actor/30035
49	http://data.linkedmdb.org/resource/film/19433
50	http://data.linkedmdb.org/resource/director/14418
51	http://data.linkedmdb.org/resource/film/40536
52	http://data.linkedmdb.org/resource/film/2042
53	http://data.linkedmdb.org/resource/actor/34577
54	http://data.linkedmdb.org/resource/director/43
55	http://data.linkedmdb.org/resource/film/49
56	http://data.linkedmdb.org/resource/film/95113
57	http://data.linkedmdb.org/resource/director/10846
58	http://data.linkedmdb.org/resource/film/5232
59	http://www4.wiwiss.fu-berlin.de/flickrwrappr/photos/The_Mummy's_Tomb
60	http://data.linkedmdb.org/resource/performance/169477
61	http://data.linkedmdb.org/resource/actor/44257
62	http://data.linkedmdb.org/resource/actor/39725
63	http://www.freebase.com/view/guid/9202a8c04000641f800000000072977e
64	http://data.linkedmdb.org/resource/actor/29731
65	http://data.linkedmdb.org/resource/film/25006
66	http://data.linkedmdb.org/resource/director/416
67	http://data.linkedmdb.org/resource/film/60878
68	http://data.linkedmdb.org/resource/actor/32648
69	http://data.linkedmdb.org/resource/cinematographer/1292
70	http://data.linkedmdb.org/resource/film/585
71	http://data.linkedmdb.org/resource/performance/3908
72	http://data.linkedmdb.org/resource/actor/67878
73	http://data.linkedmdb.org/resource/performance/190534
74	http://data.linkedmdb.org/resource/film/19751
75	http://data.linkedmdb.org/resource/film/7348
76	http://data.linkedmdb.org/resource/performance/4367
77	http://data.linkedmdb.org/resource/music_contributor/5826
78	http://data.linkedmdb.org/resource/actor/33143
79	http://data.linkedmdb.org/resource/film/46161
80	http://data.linkedmdb.org/resource/film/19416
81	http://data.linkedmdb.org/resource/film/41006
82	http://data.linkedmdb.org/resource/actor/40960
83	http://data.linkedmdb.org/resource/performance/36966
84	http://data.linkedmdb.org/resource/actor/30423
85	http://data.linkedmdb.org/resource/performance/18468
86	http://data.linkedmdb.org/resource/performance/190514
87	http://data.linkedmdb.org/resource/actor/29477
88	http://data.linkedmdb.org/resource/film/21577
89	http://data.linkedmdb.org/resource/film/70866
90	http://data.linkedmdb.org/resource/interlink/145197
91	http://data.linkedmdb.org/resource/film/14299
92	http://data.linkedmdb.org/resource/film/23798
93	http://data.linkedmdb.org/resource/film/1826
94	http://data.linkedmdb.org/resource/performance/144088
95	http://data.linkedmdb.org/resource/film/83968
96	http://data.linkedmdb.org/resource/performance/25634
97	http://data.linkedmdb.org/resource/actor/49301
98	http://data.linkedmdb.org/resource/interlink/39556
99	http://data.linkedmdb.org/resource/film/51303
100	http://data.linkedmdb.org/resource/film/18931
101	http://data.linkedmdb.org/resource/actor/31772
102	http://data.linkedmdb.org/resource/film/42678
103	http://data.linkedmdb.org/resource/film/90531
104	http://data.linkedmdb.org/resource/performance/171204
105	http://data.linkedmdb.org/resource/editor/3033
106	http://data.linkedmdb.org/resource/performance/18192
107	http://data.linkedmdb.org/resource/film/4180
108	http://data.linkedmdb.org/resource/film/8721
109	http://data.linkedmdb.org/resource/performance/114399
110	http://data.linkedmdb.org/resource/film/48775
111	http://data.linkedmdb.org/resource/performance/18190
112	http://data.linkedmdb.org/resource/film/21357
113	http://data.linkedmdb.org/resource/film_film_distributor_relationship/12908
114	http://data.linkedmdb.org/resource/film/2381
115	http://www.imdb.com/title/tt0048954/
116	http://data.linkedmdb.org/resource/film/7756
117	http://data.linkedmdb.org/resource/actor/47469
118	http://data.linkedmdb.org/resource/film/4501
119	http://data.linkedmdb.org/resource/actor/34497
120	http://data.linkedmdb.org/resource/film/53144
121	http://data.linkedmdb.org/resource/film/2572
122	http://data.linkedmdb.org/resource/actor/34874
123	http://data.linkedmdb.org/resource/producer/4491
124	http://data.linkedmdb.org/resource/film/57862
125	http://data.linkedmdb.org/resource/film/45707
126	http://data.linkedmdb.org/resource/performance/91025
127	http://data.linkedmdb.org/resource/film/4053
128	http://data.linkedmdb.org/resource/film/38211
129	http://data.linkedmdb.org/resource/film_art_director/5
130	http://data.linkedmdb.org/resource/film/52376
131	http://data.linkedmdb.org/resource/actor/36141
132	http://data.linkedmdb.org/resource/performance/115451
133	http://data.linkedmdb.org/resource/actor/44189
134	http://data.linkedmdb.org/resource/producer/5941
135	http://data.linkedmdb.org/resource/film/12950
136	http://data.linkedmdb.org/resource/actor/52869
137	http://data.linkedmdb.org/resource/film/41408
138	http://data.linkedmdb.org/resource/actor/33562
139	http://data.linkedmdb.org/resource/film/10513
140	http://data.linkedmdb.org/resource/film/2740
141	http://data.linkedmdb.org/resource/performance/85196
142	http://data.linkedmdb.org/resource/actor/31707
143	http://data.linkedmdb.org/resource/performance/4756
144	http://data.linkedmdb.org/resource/performance/35119
145	http://data.linkedmdb.org/resource/performance/107344
146	http://data.linkedmdb.org/resource/film/66097
147	http://data.linkedmdb.org/resource/film/3633
148	http://data.linkedmdb.org/resource/film/75096
149	http://data.linkedmdb.org/resource/actor/32500
150	http://data.linkedmdb.org/resource/performance/43952
151	http://data.linkedmdb.org/resource/performance/77413
152	http://data.linkedmdb.org/resource/performance/3432
153	http://data.linkedmdb.org/resource/film/39250
154	http://data.linkedmdb.org/resource/interlink/141053
155	http://data.linkedmdb.org/resource/performance/152802
156	http://data.linkedmdb.org/resource/film/49090
157	http://data.linkedmdb.org/resource/film/73677
158	http://data.linkedmdb.org/resource/performance/98848
159	http://data.linkedmdb.org/resource/actor/30559
160	http://data.linkedmdb.org/resource/performance/144091
161	http://data.linkedmdb.org/resource/film/7219
162	http://data.linkedmdb.org/resource/performance/22244
163	http://data.linkedmdb.org/resource/film/19656
164	http://data.linkedmdb.org/resource/film/15764
165	http://data.linkedmdb.org/resource/interlink/20959
166	http://data.linkedmdb.org/resource/film/5089
167	http://data.linkedmdb.org/resource/interlink/66572
168	http://data.linkedmdb.org/resource/actor/48792
169	http://data.linkedmdb.org/resource/film/9931
170	http://data.linkedmdb.org/resource/film/7963
171	http://www.freebase.com/view/guid/9202a8c04000641f8000000000d192d4
172	http://data.linkedmdb.org/resource/performance/10139
173	http://data.linkedmdb.org/resource/performance/38303
174	http://data.linkedmdb.org/resource/performance/76195
175	http://www.freebase.com/view/guid/9202a8c04000641f8000000009f30a4b
176	http://data.linkedmdb.org/resource/performance/152801
177	http://data.linkedmdb.org/resource/film/58958
178	http://data.linkedmdb.org/resource/actor/38225
179	http://data.linkedmdb.org/resource/actor/47032
180	http://data.linkedmdb.org/resource/performance/115382
181	http://data.linkedmdb.org/resource/movie/actor
182	http://data.linkedmdb.org/resource/performance/35122
183	http://data.linkedmdb.org/resource/film/75097
184	http://data.linkedmdb.org/resource/film_cut/4184
185	http://data.linkedmdb.org/resource/performance/45946
186	http://data.linkedmdb.org/resource/film/84412
187	http://data.linkedmdb.org/resource/performance/83942
188	http://data.linkedmdb.org/resource/performance/108900
189	http://data.linkedmdb.org/resource/film/9056
190	http://data.linkedmdb.org/resource/interlink/62028
191	http://data.linkedmdb.org/resource/performance/97406
192	http://data.linkedmdb.org/resource/interlink/136101
193	http://www.freebase.com/view/guid/9202a8c04000641f80000000005646e7
194	http://data.linkedmdb.org/resource/performance/4409
195	http://data.linkedmdb.org/resource/performance/21685
196	http://data.linkedmdb.org/resource/actor/55256
197	http://data.linkedmdb.org/resource/film/25028
198	http://data.linkedmdb.org/resource/film/44849
199	http://data.linkedmdb.org/resource/film/10643
200	http://data.linkedmdb.org/resource/actor/35595
201	http://data.linkedmdb.org/resource/performance/2473
202	http://data.linkedmdb.org/resource/film/43047
203	http://data.linkedmdb.org/resource/writer/13572
204	http://data.linkedmdb.org/resource/film/9082
205	http://data.linkedmdb.org/resource/film/52243
206	http://data.linkedmdb.org/resource/actor/38458
207	http://data.linkedmdb.org/resource/performance/152723
208	http://data.linkedmdb.org/resource/performance/97677
209	http://data.linkedmdb.org/resource/performance/97446
210	http://data.linkedmdb.org/resource/film/24459
211	http://data.linkedmdb.org/resource/film/58102
212	http://data.linkedmdb.org/resource/film/53299
213	http://data.linkedmdb.org/resource/director/8972
214	http://data.linkedmdb.org/resource/film/55669
215	http://data.linkedmdb.org/resource/film/57845
216	http://www.freebase.com/view/guid/9202a8c04000641f80000000047968f5
217	http://data.linkedmdb.org/resource/film/97520
218	http://data.linkedmdb.org/resource/performance/96992
219	http://data.linkedmdb.org/resource/film/46058
220	http://data.linkedmdb.org/resource/film_cut/18945
221	http://data.linkedmdb.org/resource/film/15228
222	http://data.linkedmdb.org/resource/film/53419
223	http://data.linkedmdb.org/resource/performance/152804
224	http://data.linkedmdb.org/resource/film/63495
225	http://data.linkedmdb.org/resource/performance/37548
226	http://data.linkedmdb.org/resource/performance/70346
227	http://data.linkedmdb.org/resource/movie/director
228	http://data.linkedmdb.org/resource/performance/20716
229	http://data.linkedmdb.org/resource/film/33
230	http://data.linkedmdb.org/resource/film/11371
231	http://data.linkedmdb.org/resource/actor/46165
232	http://data.linkedmdb.org/resource/performance/85285
233	http://data.linkedmdb.org/resource/performance/173853
234	http://data.linkedmdb.org/resource/director/2486
235	http://data.linkedmdb.org/resource/performance/4410
236	http://data.linkedmdb.org/resource/interlink/2426
237	http://data.linkedmdb.org/resource/performance/74259
238	http://data.linkedmdb.org/resource/performance/83567
239	http://data.linkedmdb.org/resource/actor/33542
240	http://data.linkedmdb.org/resource/music_contributor/4357
241	http://data.linkedmdb.org/resource/film_cut/5444
242	http://data.linkedmdb.org/resource/performance/152813
243	http://data.linkedmdb.org/resource/film/2108
244	http://data.linkedmdb.org/resource/writer/2276
245	http://data.linkedmdb.org/resource/film/63352
246	http://data.linkedmdb.org/resource/performance/18194
247	http://data.linkedmdb.org/resource/film/85570
248	http://sws.geonames.org/2635167/
249	http://www.freebase.com/view/guid/9202a8c04000641f8000000000567f08
250	http://data.linkedmdb.org/resource/film/40118
251	http://data.linkedmdb.org/resource/film/64122
252	http://data.linkedmdb.org/resource/actor/32395
253	http://data.linkedmdb.org/resource/film/75094
254	http://data.linkedmdb.org/resource/interlink/19249
255	http://data.linkedmdb.org/resource/film_film_distributor_relationship/1166
256	http://data.linkedmdb.org/resource/film/3298
257	http://data.linkedmdb.org/resource/film/43099
258	http://data.linkedmdb.org/resource/performance/4347
259	http://data.linkedmdb.org/resource/performance/98604
260	http://data.linkedmdb.org/resource/film/40703
261	http://data.linkedmdb.org/resource/performance/98730
262	http://data.linkedmdb.org/resource/actor/44076
263	http://data.linkedmdb.org/resource/interlink/63652
264	http://data.linkedmdb.org/resource/film/20143
265	http://data.linkedmdb.org/resource/performance/97279
266	http://data.linkedmdb.org/resource/performance/145366
267	http://data.linkedmdb.org/resource/performance/119763
268	http://data.linkedmdb.org/resource/director/11328
269	http://data.linkedmdb.org/resource/film/14907
270	http://data.linkedmdb.org/resource/performance/18193
271	http://data.linkedmdb.org/resource/performance/52344
272	http://data.linkedmdb.org/resource/film/96598
273	http://data.linkedmdb.org/resource/film/6708
274	http://data.linkedmdb.org/resource/performance/27085
275	http://data.linkedmdb.org/resource/performance/34432
276	http://data.linkedmdb.org/resource/performance/168659
277	http://data.linkedmdb.org/resource/performance/7258
278	http://data.linkedmdb.org/resource/performance/188409
279	http://data.linkedmdb.org/resource/performance/29134
280	http://data.linkedmdb.org/resource/film/38094
281	http://www.rottentomatoes.com/alias?type=imdbid&s=0120157/
282	http://data.linkedmdb.org/resource/film/42707
283	http://data.linkedmdb.org/resource/performance/4368
284	http://data.linkedmdb.org/resource/cinematographer/157
285	http://data.linkedmdb.org/resource/film/1040
286	http://data.linkedmdb.org/resource/film_genre/31
287	http://data.linkedmdb.org/resource/film_genre/4
288	http://data.linkedmdb.org/resource/film/284
289	http://data.linkedmdb.org/resource/film/12260
290	http://data.linkedmdb.org/resource/film/87696
291	http://data.linkedmdb.org/resource/writer/17201
292	http://www.rottentomatoes.com/alias?type=imdbid&s=0038821
293	http://data.linkedmdb.org/resource/film/18912
294	http://data.linkedmdb.org/resource/performance/98182
295	http://data.linkedmdb.org/resource/interlink/70819
296	http://data.linkedmdb.org/resource/film/42370
297	http://data.linkedmdb.org/resource/film/83511
298	http://data.linkedmdb.org/resource/performance/80435
299	http://data.linkedmdb.org/resource/film/7347
300	http://data.linkedmdb.org/resource/film/39119
301	http://data.linkedmdb.org/resource/editor/2661
302	http://data.linkedmdb.org/resource/performance/170153
303	http://data.linkedmdb.org/resource/director/1723
304	http://data.linkedmdb.org/resource/film/75121
305	http://data.linkedmdb.org/resource/film_art_director/4
306	http://data.linkedmdb.org/resource/actor/46810
307	http://data.linkedmdb.org/resource/film/13196
308	http://data.linkedmdb.org/resource/film/59730
309	http://www4.wiwiss.fu-berlin.de/flickrwrappr/photos/Anything_Goes_(film)
310	http://data.linkedmdb.org/resource/film/92998
311	http://www.freebase.com/view/guid/9202a8c04000641f8000000012ca2cfe
312	http://data.linkedmdb.org/resource/film_cut/872
313	http://data.linkedmdb.org/resource/performance/24035
314	http://data.linkedmdb.org/resource/performance/115310
315	http://www.freebase.com/view/guid/9202a8c04000641f8000000000d56ae3
316	http://data.linkedmdb.org/resource/performance/190517
317	http://data.linkedmdb.org/resource/producer/11463
318	http://data.linkedmdb.org/resource/film/19258
319	http://data.linkedmdb.org/resource/actor/41401
320	http://data.linkedmdb.org/resource/film/1253
321	http://data.linkedmdb.org/resource/actor/1569
322	http://data.linkedmdb.org/resource/film/63031
323	http://data.linkedmdb.org/resource/performance/72536
324	http://data.linkedmdb.org/resource/director/77
325	http://data.linkedmdb.org/resource/actor/61226
326	http://data.linkedmdb.org/resource/film/1849
327	http://data.linkedmdb.org/resource/actor/36373
328	http://data.linkedmdb.org/resource/film_subject/333
329	http://data.linkedmdb.org/resource/performance/174190
330	http://data.linkedmdb.org/resource/actor/10117
331	http://data.linkedmdb.org/resource/film/84413
332	http://data.linkedmdb.org/resource/film/46687
333	http://data.linkedmdb.org/resource/performance/68310
334	http://data.linkedmdb.org/resource/film/43683
335	http://data.linkedmdb.org/resource/performance/22849
336	http://data.linkedmdb.org/resource/performance/55985
337	http://data.linkedmdb.org/resource/film/556
338	http://data.linkedmdb.org/resource/actor/38446
339	http://data.linkedmdb.org/resource/film/61927
340	http://data.linkedmdb.org/resource/performance/134717
341	http://www.freebase.com/view/guid/9202a8c04000641f80000000006b3a0f
342	http://data.linkedmdb.org/resource/performance/91024
343	http://data.linkedmdb.org/resource/performance/148978
344	http://data.linkedmdb.org/resource/film/96870
345	http://data.linkedmdb.org/resource/interlink/21023
346	http://data.linkedmdb.org/resource/performance/107500
347	http://data.linkedmdb.org/resource/performance/70367
348	http://data.linkedmdb.org/resource/film/53825
349	http://data.linkedmdb.org/resource/film/58732
350	http://data.linkedmdb.org/resource/film/87891
351	http://data.linkedmdb.org/resource/film/14630
352	http://data.linkedmdb.org/resource/country/AU
353	http://data.linkedmdb.org/resource/cinematographer/1122
354	http://data.linkedmdb.org/resource/film/6563
355	http://data.linkedmdb.org/resource/actor/527
356	http://data.linkedmdb.org/resource/performance/97992
357	http://data.linkedmdb.org/resource/film/84415
358	http://data.linkedmdb.org/resource/film/40637
359	http://data.linkedmdb.org/resource/performance/22297
360	http://data.linkedmdb.org/resource/performance/145535
361	http://data.linkedmdb.org/resource/performance/47271
362	http://data.linkedmdb.org/resource/film/52489
363	http://data.linkedmdb.org/resource/actor/44800
364	http://data.linkedmdb.org/resource/actor/35936
365	http://data.linkedmdb.org/resource/actor/31866
366	http://www4.wiwiss.fu-berlin.de/flickrwrappr/photos/The_Overlanders_(film)
367	http://data.linkedmdb.org/resource/performance/53263
368	http://data.linkedmdb.org/resource/film/95114
369	http://data.linkedmdb.org/resource/film/58100
370	http://data.linkedmdb.org/resource/music_contributor/5926
371	http://data.linkedmdb.org/resource/film/42278
372	http://data.linkedmdb.org/resource/film/47369
373	http://data.linkedmdb.org/resource/performance/149944
374	http://data.linkedmdb.org/resource/actor/7704
375	http://data.linkedmdb.org/resource/performance/9656
376	http://data.linkedmdb.org/resource/film/91121
377	http://data.linkedmdb.org/resource/actor/32175
378	http://data.linkedmdb.org/resource/film/13585
379	http://data.linkedmdb.org/resource/performance/9657
380	http://data.linkedmdb.org/resource/film/84414
381	http://data.linkedmdb.org/resource/performance/77447
382	http://data.linkedmdb.org/resource/actor/29614
383	http://data.linkedmdb.org/resource/performance/77341
384	http://data.linkedmdb.org/resource/performance/48861
385	http://data.linkedmdb.org/resource/actor/38110
386	http://data.linkedmdb.org/resource/performance/189411
387	http://data.linkedmdb.org/resource/film/54780
388	http://data.linkedmdb.org/resource/performance/197795
389	http://data.linkedmdb.org/resource/film/4786
390	http://data.linkedmdb.org/resource/performance/108924
391	http://data.linkedmdb.org/resource/performance/35121
392	http://data.linkedmdb.org/resource/performance/4944
393	http://data.linkedmdb.org/resource/film/2200
394	http://data.linkedmdb.org/resource/interlink/135864
395	http://data.linkedmdb.org/resource/interlink/6288
396	http://data.linkedmdb.org/resource/performance/79066
397	http://www.freebase.com/view/guid/9202a8c04000641f80000000007afaba
398	http://data.linkedmdb.org/resource/performance/121760
399	http://data.linkedmdb.org/resource/performance/31801
400	http://data.linkedmdb.org/resource/performance/19601
401	http://data.linkedmdb.org/resource/film/2382
402	http://data.linkedmdb.org/resource/film/38496
403	http://data.linkedmdb.org/resource/actor/60321
404	http://data.linkedmdb.org/resource/film/247
405	http://data.linkedmdb.org/resource/film/44517
406	http://data.linkedmdb.org/resource/film/20724
407	http://data.linkedmdb.org/resource/film/24448
408	http://data.linkedmdb.org/resource/performance/122850
409	http://data.linkedmdb.org/resource/actor/35586
410	http://data.linkedmdb.org/resource/performance/5458
411	http://data.linkedmdb.org/resource/writer/4850
412	http://data.linkedmdb.org/resource/film/3386
413	http://data.linkedmdb.org/resource/film/85702
414	http://www.freebase.com/view/guid/9202a8c04000641f80000000004d578b
415	http://data.linkedmdb.org/resource/actor/30867
416	http://data.linkedmdb.org/resource/film/64477
417	http://data.linkedmdb.org/resource/performance/159886
418	http://data.linkedmdb.org/resource/producer/11092
419	http://data.linkedmdb.org/resource/producer/104
420	http://data.linkedmdb.org/resource/cinematographer/40
421	http://data.linkedmdb.org/resource/film/7007
422	http://data.linkedmdb.org/resource/performance/3029
423	http://data.linkedmdb.org/resource/performance/108170
424	http://data.linkedmdb.org/resource/performance/33877
425	http://data.linkedmdb.org/resource/performance/12295
426	http://data.linkedmdb.org/resource/actor/1545
427	http://data.linkedmdb.org/resource/writer/18034
428	http://data.linkedmdb.org/resource/film/41701
429	http://data.linkedmdb.org/resource/performance/190528
430	http://data.linkedmdb.org/resource/performance/113076
431	http://data.linkedmdb.org/resource/film/62997
432	http://data.linkedmdb.org/resource/performance/19600
433	http://data.linkedmdb.org/resource/performance/97463
434	http://data.linkedmdb.org/resource/film/44657
435	http://data.linkedmdb.org/resource/performance/152818
436	http://data.linkedmdb.org/resource/film/83088
437	http://data.linkedmdb.org/resource/interlink/144038
438	http://data.linkedmdb.org/resource/performance/6389
439	http://data.linkedmdb.org/resource/film/52996
440	http://data.linkedmdb.org/resource/performance/96986
441	http://data.linkedmdb.org/resource/film/13832
442	http://data.linkedmdb.org/resource/film/13716
443	http://data.linkedmdb.org/resource/performance/55464
444	http://www.freebase.com/view/guid/9202a8c04000641f80000000004fd9b4
445	http://data.linkedmdb.org/resource/film/44846
446	http://data.linkedmdb.org/resource/film_subject/684
447	http://data.linkedmdb.org/resource/producer/13754
448	http://data.linkedmdb.org/resource/editor/2398
449	http://data.linkedmdb.org/resource/performance/190518
450	http://data.linkedmdb.org/resource/interlink/147317
451	http://data.linkedmdb.org/resource/performance/2233
452	http://data.linkedmdb.org/resource/actor/31101
453	http://data.linkedmdb.org/resource/film/38232
454	http://data.linkedmdb.org/resource/film/84979
455	http://data.linkedmdb.org/resource/performance/4411
456	http://data.linkedmdb.org/resource/performance/48963
457	http://www.rottentomatoes.com/alias?type=imdbid&s=0756681
458	http://data.linkedmdb.org/resource/performance/17432
459	http://data.linkedmdb.org/resource/film_story_contributor/601
460	http://data.linkedmdb.org/resource/interlink/137539
461	http://data.linkedmdb.org/resource/actor/31745
462	http://data.linkedmdb.org/resource/interlink/63261
463	http://data.linkedmdb.org/resource/performance/104800
464	http://data.linkedmdb.org/resource/film_genre/30
465	http://www.freebase.com/view/guid/9202a8c04000641f80000000009746be
466	http://data.linkedmdb.org/resource/film/8426
467	http://data.linkedmdb.org/resource/performance/96027
468	http://data.linkedmdb.org/resource/performance/87740
469	http://data.linkedmdb.org/resource/film/18644
470	http://data.linkedmdb.org/resource/performance/76420
471	http://data.linkedmdb.org/resource/performance/97598
472	http://data.linkedmdb.org/resource/film/45096
473	http://data.linkedmdb.org/resource/performance/79634
474	http://data.linkedmdb.org/resource/performance/5457
475	http://data.linkedmdb.org/resource/performance/107587
476	http://data.linkedmdb.org/resource/writer/13022
477	http://data.linkedmdb.org/resource/film/3887
478	http://data.linkedmdb.org/resource/performance/31802
479	http://www.freebase.com/view/guid/9202a8c04000641f8000000000535fbd
480	http://data.linkedmdb.org/resource/film/40914
481	http://data.linkedmdb.org/resource/film/6852
482	http://data.linkedmdb.org/resource/film/57526
483	http://data.linkedmdb.org/resource/film/81274
484	http://data.linkedmdb.org/resource/film/48529
485	http://data.linkedmdb.org/resource/film/96426
486	http://data.linkedmdb.org/resource/film/97147
487	http://www.imdb.com/title/tt0329028
488	http://data.linkedmdb.org/resource/producer/1181
489	http://www.freebase.com/view/guid/9202a8c04000641f80000000000560b5
490	http://data.linkedmdb.org/resource/performance/152819
491	http://data.linkedmdb.org/resource/film_film_distributor_relationship/7073
492	http://data.linkedmdb.org/resource/film/86571
493	http://data.linkedmdb.org/resource/performance/84005
494	http://data.linkedmdb.org/resource/director/9077
495	http://data.linkedmdb.org/resource/performance/106575
496	http://data.linkedmdb.org/resource/performance/4330
497	http://data.linkedmdb.org/resource/music_contributor/5196
498	http://data.linkedmdb.org/resource/director/2930
499	http://data.linkedmdb.org/resource/writer/5356
500	http://data.linkedmdb.org/resource/film/2661
501	http://data.linkedmdb.org/resource/actor/30114
502	http://data.linkedmdb.org/resource/film/75102
503	http://data.linkedmdb.org/resource/performance/28799
504	http://data.linkedmdb.org/resource/film_story_contributor/255
505	http://data.linkedmdb.org/resource/film/8086
506	http://www.imdb.com/title/tt0099731
507	http://data.linkedmdb.org/resource/actor/33932
508	http://data.linkedmdb.org/resource/film/3296
509	http://data.linkedmdb.org/resource/performance/186592
510	http://data.linkedmdb.org/resource/performance/108926
511	http://data.linkedmdb.org/resource/actor/10
512	http://data.linkedmdb.org/resource/producer/12796
513	http://data.linkedmdb.org/resource/performance/147548
514	http://data.linkedmdb.org/resource/performance/127956
515	http://data.linkedmdb.org/resource/director/15854
516	http://data.linkedmdb.org/resource/film_genre/23
517	http://data.linkedmdb.org/resource/actor/47463
518	http://data.linkedmdb.org/resource/performance/148969
519	http://data.linkedmdb.org/resource/performance/84668
520	http://data.linkedmdb.org/resource/music_contributor/371
521	http://data.linkedmdb.org/resource/film/4
522	http://data.linkedmdb.org/resource/film/5226
523	http://data.linkedmdb.org/resource/performance/20360
524	http://data.linkedmdb.org/resource/film/8672
525	http://data.linkedmdb.org/resource/film_film_distributor_relationship/2035
526	http://data.linkedmdb.org/resource/film/44042
527	http://data.linkedmdb.org/resource/film/39464
528	http://data.linkedmdb.org/resource/film/11020
529	http://data.linkedmdb.org/resource/production_company/30
530	http://data.linkedmdb.org/resource/editor/1708
531	http://data.linkedmdb.org/resource/film/24605
532	http://data.linkedmdb.org/resource/performance/38982
533	http://data.linkedmdb.org/resource/performance/50018
534	http://www.freebase.com/view/guid/9202a8c04000641f8000000005b5f33c
535	http://data.linkedmdb.org/resource/film/19674
536	http://data.linkedmdb.org/resource/film/11941
537	http://data.linkedmdb.org/resource/actor/44171
538	http://data.linkedmdb.org/resource/performance/61076
539	http://data.linkedmdb.org/resource/performance/85850
540	http://data.linkedmdb.org/resource/performance/4371
541	http://data.linkedmdb.org/resource/film/8548
542	http://data.linkedmdb.org/resource/performance/2837
543	http://www.imdb.com/title/tt0120751
544	http://data.linkedmdb.org/resource/performance/4344
545	http://data.linkedmdb.org/resource/performance/197575
546	http://data.linkedmdb.org/resource/film/12329
547	http://data.linkedmdb.org/resource/performance/66844
548	http://data.linkedmdb.org/resource/film/44347
549	http://data.linkedmdb.org/resource/performance/51265
550	http://data.linkedmdb.org/resource/performance/778
551	http://data.linkedmdb.org/resource/performance/169956
552	http://data.linkedmdb.org/resource/film/8441
553	http://data.linkedmdb.org/resource/film/13855
554	http://data.linkedmdb.org/resource/film/63987
555	http://data.linkedmdb.org/resource/film/3162
556	http://data.linkedmdb.org/resource/performance/2643
557	http://data.linkedmdb.org/resource/interlink/43354
558	http://data.linkedmdb.org/resource/performance/72098
559	http://data.linkedmdb.org/resource/film/63080
560	http://data.linkedmdb.org/resource/performance/134547
561	http://data.linkedmdb.org/resource/film/92131
562	http://data.linkedmdb.org/resource/performance/145694
563	http://data.linkedmdb.org/resource/performance/114228
564	http://www.rottentomatoes.com/alias?type=imdbid&s=0758789
565	http://data.linkedmdb.org/resource/performance/148980
566	http://data.linkedmdb.org/resource/actor/43277
567	http://data.linkedmdb.org/resource/writer/5326
568	http://data.linkedmdb.org/resource/performance/10502
569	http://data.linkedmdb.org/resource/film/46420
570	http://data.linkedmdb.org/resource/interlink/19753
571	http://data.linkedmdb.org/resource/film/23695
572	http://data.linkedmdb.org/resource/film/10853
573	http://data.linkedmdb.org/resource/performance/119395
574	http://data.linkedmdb.org/resource/performance/124550
575	http://www.imdb.com/title/tt0086244
576	http://data.linkedmdb.org/resource/actor/589
577	http://data.linkedmdb.org/resource/interlink/75652
578	http://data.linkedmdb.org/resource/film/40935
579	http://data.linkedmdb.org/resource/film/85082
580	http://data.linkedmdb.org/resource/film/56788
581	http://data.linkedmdb.org/resource/film/41605
582	http://data.linkedmdb.org/resource/film/75090
583	http://data.linkedmdb.org/resource/performance/108710
584	http://data.linkedmdb.org/resource/performance/120534
585	http://data.linkedmdb.org/resource/director/8475
586	http://data.linkedmdb.org/resource/film/48179
587	http://data.linkedmdb.org/resource/film/7242
588	http://www.freebase.com/view/guid/9202a8c04000641f80000000008dd9e3
589	http://data.linkedmdb.org/resource/performance/16535
590	http://data.linkedmdb.org/resource/film/8731
591	http://data.linkedmdb.org/resource/interlink/24033
592	http://data.linkedmdb.org/resource/performance/3688
593	http://data.linkedmdb.org/resource/performance/74228
594	http://data.linkedmdb.org/resource/performance/26675
595	http://data.linkedmdb.org/resource/performance/4370
596	http://data.linkedmdb.org/resource/film/98212
597	http://data.linkedmdb.org/resource/film/38576
598	http://data.linkedmdb.org/resource/film/10336
599	http://data.linkedmdb.org/resource/actor/33534
600	http://data.linkedmdb.org/resource/actor/49768
601	http://data.linkedmdb.org/resource/performance/12082
602	http://data.linkedmdb.org/resource/film/2933
603	http://data.linkedmdb.org/resource/film/73676
604	http://data.linkedmdb.org/resource/performance/137673
605	http://data.linkedmdb.org/resource/film/60932
606	http://data.linkedmdb.org/resource/film/94441
607	http://data.linkedmdb.org/resource/film/1346
608	http://data.linkedmdb.org/resource/performance/32909
609	http://data.linkedmdb.org/resource/music_contributor/4984
610	http://data.linkedmdb.org/resource/film/40871
611	http://data.linkedmdb.org/resource/performance/16484
612	http://data.linkedmdb.org/resource/performance/100820
613	http://data.linkedmdb.org/resource/performance/119836
614	http://data.linkedmdb.org/resource/film/5509
615	http://data.linkedmdb.org/resource/performance/113342
616	http://data.linkedmdb.org/resource/performance/5454
617	http://data.linkedmdb.org/resource/film/18684
618	http://www.freebase.com/view/guid/9202a8c04000641f8000000000abf0a2
619	http://data.linkedmdb.org/resource/film/13144
620	http://data.linkedmdb.org/resource/film/38615
621	http://data.linkedmdb.org/resource/film/38324
622	http://data.linkedmdb.org/resource/performance/148974
623	http://data.linkedmdb.org/resource/performance/97823
624	http://data.linkedmdb.org/resource/performance/64560
625	http://data.linkedmdb.org/resource/writer/17242
626	http://data.linkedmdb.org/resource/actor/31497
627	http://data.linkedmdb.org/resource/writer/15305
628	http://www.freebase.com/view/guid/9202a8c04000641f80000000009cdb83
629	http://data.linkedmdb.org/resource/actor/30463
630	http://data.linkedmdb.org/resource/performance/29131
631	http://data.linkedmdb.org/resource/film/93002
632	http://data.linkedmdb.org/resource/film/8089
633	http://data.linkedmdb.org/resource/interlink/21528
634	http://data.linkedmdb.org/resource/film/41946
635	http://data.linkedmdb.org/resource/film/84411
636	http://data.linkedmdb.org/resource/writer/16174
637	http://data.linkedmdb.org/resource/film/18667
638	http://data.linkedmdb.org/resource/country/GB
639	http://data.linkedmdb.org/resource/film/38388
640	http://data.linkedmdb.org/resource/film/75087
641	http://data.linkedmdb.org/resource/performance/33879
642	http://data.linkedmdb.org/resource/actor/36329
643	http://data.linkedmdb.org/resource/film/38266
644	http://data.linkedmdb.org/resource/performance/152822
645	http://data.linkedmdb.org/resource/film/83977
646	http://data.linkedmdb.org/resource/performance/4345
647	http://data.linkedmdb.org/resource/film/1924
648	http://data.linkedmdb.org/resource/performance/67713
649	http://www.freebase.com/view/guid/9202a8c04000641f800000000048fea0
650	http://data.linkedmdb.org/resource/film/15555
651	http://data.linkedmdb.org/resource/film/12394
652	http://data.linkedmdb.org/resource/director/8982
653	http://data.linkedmdb.org/resource/film/39545
654	http://data.linkedmdb.org/resource/editor/1709
655	http://data.linkedmdb.org/resource/film/18780
656	http://data.linkedmdb.org/resource/film/41807
657	http://www.rottentomatoes.com/alias?type=imdbid&s=0303356
658	http://data.linkedmdb.org/resource/actor/32287
659	http://data.linkedmdb.org/resource/producer/4154
660	http://data.linkedmdb.org/resource/performance/132536
661	http://data.linkedmdb.org/resource/film/5240
662	http://data.linkedmdb.org/resource/performance/53338
663	http://data.linkedmdb.org/resource/actor/30040
664	http://data.linkedmdb.org/resource/performance/105895
665	http://data.linkedmdb.org/resource/performance/18191
666	http://www.freebase.com/view/guid/9202a8c04000641f8000000000ac8dbc
667	http://data.linkedmdb.org/resource/performance/187452
668	http://data.linkedmdb.org/resource/film/39334
669	http://data.linkedmdb.org/resource/performance/40287
670	http://data.linkedmdb.org/resource/film/16197
671	http://data.linkedmdb.org/resource/film/38151
672	http://data.linkedmdb.org/resource/film/48691
673	http://data.linkedmdb.org/resource/performance/88474
674	http://data.linkedmdb.org/resource/director/270
675	http://data.linkedmdb.org/resource/country/JP
676	http://data.linkedmdb.org/resource/performance/28494
677	http://data.linkedmdb.org/resource/performance/169257
678	http://data.linkedmdb.org/resource/performance/190515
679	http://data.linkedmdb.org/resource/actor/50788
680	http://data.linkedmdb.org/resource/film/39279
681	http://data.linkedmdb.org/resource/performance/56069
682	http://data.linkedmdb.org/resource/film/49290
683	http://data.linkedmdb.org/resource/film/46293
684	http://data.linkedmdb.org/resource/actor/35096
685	http://data.linkedmdb.org/resource/performance/28975
686	http://data.linkedmdb.org/resource/performance/33557
687	http://data.linkedmdb.org/resource/film/75089
688	http://data.linkedmdb.org/resource/film/64450
689	http://data.linkedmdb.org/resource/performance/18647
690	http://data.linkedmdb.org/resource/film/1159
691	http://data.linkedmdb.org/resource/performance/23991
692	http://data.linkedmdb.org/resource/producer/11454
693	http://data.linkedmdb.org/resource/film/979
694	http://www.freebase.com/view/guid/9202a8c04000641f8000000006b4f1f3
695	http://data.linkedmdb.org/resource/film/48681
696	http://data.linkedmdb.org/resource/performance/192316
697	http://data.linkedmdb.org/resource/film/42713
698	http://data.linkedmdb.org/resource/performance/168400
699	http://data.linkedmdb.org/resource/film/95531
700	http://data.linkedmdb.org/resource/film/91405
701	http://data.linkedmdb.org/resource/music_contributor/4592
702	http://data.linkedmdb.org/resource/performance/40312
703	http://data.linkedmdb.org/resource/film/209
704	http://data.linkedmdb.org/resource/performance/122675
705	http://data.linkedmdb.org/resource/film/70633
706	http://data.linkedmdb.org/resource/actor/10974
707	http://data.linkedmdb.org/resource/film/15021
708	http://data.linkedmdb.org/resource/director/3011
709	http://data.linkedmdb.org/resource/film/4748
710	http://data.linkedmdb.org/resource/production_company/86
711	http://data.linkedmdb.org/resource/performance/153297
712	http://data.linkedmdb.org/resource/interlink/39050
713	http://www.freebase.com/view/guid/9202a8c04000641f8000000000b97495
714	http://www.freebase.com/view/guid/9202a8c04000641f8000000000527d33
715	http://data.linkedmdb.org/resource/performance/14365
716	http://www.freebase.com/view/guid/9202a8c04000641f80000000002dddf0
717	http://data.linkedmdb.org/resource/performance/4346
718	http://data.linkedmdb.org/resource/film/48646
719	http://data.linkedmdb.org/resource/film/86333
720	http://data.linkedmdb.org/resource/actor/35093
721	http://data.linkedmdb.org/resource/performance/26321
722	http://data.linkedmdb.org/resource/performance/149931
723	http://data.linkedmdb.org/resource/performance/82709
724	http://data.linkedmdb.org/resource/director/13110
725	http://data.linkedmdb.org/resource/film/38250
726	http://data.linkedmdb.org/resource/performance/112467
727	http://data.linkedmdb.org/resource/film/19963
728	http://data.linkedmdb.org/resource/film/45182
729	http://data.linkedmdb.org/resource/performance/158784
730	http://data.linkedmdb.org/resource/film/1073
731	http://www.freebase.com/view/guid/9202a8c04000641f8000000000dc5776
732	http://data.linkedmdb.org/resource/performance/7173
733	http://data.linkedmdb.org/resource/film/14559
734	http://data.linkedmdb.org/resource/film/72
735	http://data.linkedmdb.org/resource/interlink/7483
736	http://data.linkedmdb.org/resource/film/88229
737	http://www4.wiwiss.fu-berlin.de/flickrwrappr/photos/The_Handmaid's_Tale_(film)
738	http://data.linkedmdb.org/resource/film/59733
739	http://data.linkedmdb.org/resource/film_film_distributor_relationship/2117
740	http://data.linkedmdb.org/resource/performance/27089
741	http://data.linkedmdb.org/resource/film/23446
742	http://data.linkedmdb.org/resource/film/54902
743	http://data.linkedmdb.org/resource/performance/27714
744	http://data.linkedmdb.org/resource/actor/61227
745	http://data.linkedmdb.org/resource/interlink/20517
746	http://data.linkedmdb.org/resource/performance/32228
747	http://data.linkedmdb.org/resource/film/93000
748	http://data.linkedmdb.org/resource/film/41076
749	http://data.linkedmdb.org/resource/film/23877
750	http://data.linkedmdb.org/resource/editor/30
751	http://data.linkedmdb.org/resource/film/43940
752	http://data.linkedmdb.org/resource/performance/172514
753	http://data.linkedmdb.org/resource/performance/98467
754	http://data.linkedmdb.org/resource/performance/28709
755	http://data.linkedmdb.org/resource/performance/152809
756	http://data.linkedmdb.org/resource/film/49012
757	http://data.linkedmdb.org/resource/interlink/24821
758	http://data.linkedmdb.org/resource/actor/36969
759	http://data.linkedmdb.org/resource/performance/125790
760	http://data.linkedmdb.org/resource/film_art_director/2
761	http://data.linkedmdb.org/resource/film/24940
762	http://data.linkedmdb.org/resource/film/22494
763	http://data.linkedmdb.org/resource/actor/60310
764	http://data.linkedmdb.org/resource/film/49378
765	http://data.linkedmdb.org/resource/performance/111174
766	http://data.linkedmdb.org/resource/performance/148973
767	http://data.linkedmdb.org/resource/interlink/139299
768	http://data.linkedmdb.org/resource/performance/5261
769	http://data.linkedmdb.org/resource/interlink/72987
770	http://data.linkedmdb.org/resource/editor/94
771	http://data.linkedmdb.org/resource/actor/3355
772	http://data.linkedmdb.org/resource/film/1254
773	http://data.linkedmdb.org/resource/film/67438
774	http://data.linkedmdb.org/resource/actor/32793
775	http://data.linkedmdb.org/resource/actor/29669
776	http://data.linkedmdb.org/resource/performance/98114
777	http://data.linkedmdb.org/resource/performance/186417
778	http://data.linkedmdb.org/resource/film/2047
779	http://data.linkedmdb.org/resource/actor/36188
780	http://data.linkedmdb.org/resource/performance/63987
781	http://data.linkedmdb.org/resource/actor/32015
782	http://data.linkedmdb.org/resource/performance/190520
783	http://data.linkedmdb.org/resource/performance/15213
784	http://data.linkedmdb.org/resource/actor/31700
785	http://data.linkedmdb.org/resource/director/2917
786	http://data.linkedmdb.org/resource/film/944
787	http://data.linkedmdb.org/resource/performance/144087
788	http://data.linkedmdb.org/resource/film/40930
789	http://data.linkedmdb.org/resource/film/6924
790	http://data.linkedmdb.org/resource/film/17222
791	http://data.linkedmdb.org/resource/performance/2977
792	http://data.linkedmdb.org/resource/performance/184656
793	http://data.linkedmdb.org/resource/director/19714
794	http://data.linkedmdb.org/resource/film/3535
795	http://data.linkedmdb.org/resource/film/5215
796	http://data.linkedmdb.org/resource/performance/152811
797	http://data.linkedmdb.org/resource/film/2473
798	http://data.linkedmdb.org/resource/performance/178186
799	http://data.linkedmdb.org/resource/director/82
800	http://data.linkedmdb.org/resource/interlink/39963
801	http://data.linkedmdb.org/resource/performance/57702
802	http://data.linkedmdb.org/resource/performance/112911
803	http://data.linkedmdb.org/resource/film/82264
804	http://data.linkedmdb.org/resource/performance/173697
805	http://data.linkedmdb.org/resource/film/74508
806	http://data.linkedmdb.org/resource/music_contributor/5614
807	http://data.linkedmdb.org/resource/performance/73576
808	http://data.linkedmdb.org/resource/performance/145337
809	http://data.linkedmdb.org/resource/producer/5952
810	http://data.linkedmdb.org/resource/actor/42558
811	http://data.linkedmdb.org/resource/film/17780
812	http://data.linkedmdb.org/resource/film/10791
813	http://data.linkedmdb.org/resource/film/93242
814	http://www.freebase.com/view/guid/9202a8c04000641f800000000012d8fa
815	http://data.linkedmdb.org/resource/producer/5959
816	http://data.linkedmdb.org/resource/director/812
817	http://data.linkedmdb.org/resource/performance/191309
818	http://data.linkedmdb.org/resource/performance/120141
819	http://data.linkedmdb.org/resource/performance/4412
820	http://data.linkedmdb.org/resource/actor/49568
821	http://data.linkedmdb.org/resource/actor/35203
822	http://data.linkedmdb.org/resource/performance/18195
823	http://data.linkedmdb.org/resource/film/75099
824	http://data.linkedmdb.org/resource/music_contributor/4557
825	http://data.linkedmdb.org/resource/film/18940
826	http://data.linkedmdb.org/resource/film/92047
827	http://data.linkedmdb.org/resource/director/11436
828	http://data.linkedmdb.org/resource/performance/35380
829	http://data.linkedmdb.org/resource/director/15178
830	http://data.linkedmdb.org/resource/performance/131763
831	http://data.linkedmdb.org/resource/film/94383
832	http://data.linkedmdb.org/resource/film/11165
833	http://data.linkedmdb.org/resource/film/19744
834	http://data.linkedmdb.org/resource/film/75057
835	http://data.linkedmdb.org/resource/director/10044
836	http://data.linkedmdb.org/resource/performance/27087
837	http://data.linkedmdb.org/resource/performance/97580
838	http://data.linkedmdb.org/resource/film/86660
839	http://data.linkedmdb.org/resource/performance/88214
840	http://data.linkedmdb.org/resource/film/48813
841	http://data.linkedmdb.org/resource/performance/120532
842	http://data.linkedmdb.org/resource/performance/97400
843	http://data.linkedmdb.org/resource/director/9690
844	http://data.linkedmdb.org/resource/actor/36482
845	http://data.linkedmdb.org/resource/interlink/1220
846	http://data.linkedmdb.org/resource/actor/31581
847	http://data.linkedmdb.org/resource/interlink/5500
848	http://data.linkedmdb.org/resource/producer/37
849	http://data.linkedmdb.org/resource/performance/97710
850	http://data.linkedmdb.org/resource/film/57112
851	http://data.linkedmdb.org/resource/performance/61135
852	http://data.linkedmdb.org/resource/film/2338
853	http://data.linkedmdb.org/resource/actor/1570
854	http://data.linkedmdb.org/resource/actor/32040
855	http://data.linkedmdb.org/resource/film/39014
856	http://data.linkedmdb.org/resource/film_cut/9794
857	http://data.linkedmdb.org/resource/performance/112831
858	http://data.linkedmdb.org/resource/producer/13587
859	http://data.linkedmdb.org/resource/interlink/74894
860	http://data.linkedmdb.org/resource/film/6550
861	http://data.linkedmdb.org/resource/performance/29133
862	http://data.linkedmdb.org/resource/film/24490
863	http://data.linkedmdb.org/resource/film/47754
864	http://data.linkedmdb.org/resource/actor/37055
865	http://data.linkedmdb.org/resource/film_film_distributor_relationship/5652
866	http://data.linkedmdb.org/resource/actor/36799
867	http://data.linkedmdb.org/resource/director/2475
868	http://data.linkedmdb.org/resource/actor/30295
869	http://data.linkedmdb.org/resource/actor/40928
870	http://data.linkedmdb.org/resource/performance/168416
871	http://data.linkedmdb.org/resource/film/12281
872	http://data.linkedmdb.org/resource/performance/1151
873	http://data.linkedmdb.org/resource/performance/31803
874	http://data.linkedmdb.org/resource/performance/174234
875	http://data.linkedmdb.org/resource/director/1193
876	http://data.linkedmdb.org/resource/producer/198
877	http://data.linkedmdb.org/resource/writer/16556
878	http://data.linkedmdb.org/resource/performance/71338
879	http://data.linkedmdb.org/resource/performance/55450
880	http://data.linkedmdb.org/resource/film/10692
881	http://data.linkedmdb.org/resource/performance/159456
882	http://data.linkedmdb.org/resource/film/46460
883	http://data.linkedmdb.org/resource/performance/87999
884	http://www.freebase.com/view/guid/9202a8c04000641f800000000011db88
885	http://data.linkedmdb.org/resource/film/8912
886	http://data.linkedmdb.org/resource/performance/33878
887	http://www.imdb.com/title/tt0059903/
888	http://data.linkedmdb.org/resource/interlink/137895
889	http://data.linkedmdb.org/resource/film/75095
890	http://www.lingvoj.org/lingvo/ja
891	http://data.linkedmdb.org/resource/interlink/24752
892	http://data.linkedmdb.org/resource/performance/16696
893	http://data.linkedmdb.org/resource/performance/124479
894	http://data.linkedmdb.org/resource/film/57806
895	http://data.linkedmdb.org/resource/performance/25385
896	http://data.linkedmdb.org/resource/film/50637
897	http://data.linkedmdb.org/resource/performance/165873
898	http://data.linkedmdb.org/resource/film/11719
899	http://data.linkedmdb.org/resource/film/42140
900	http://data.linkedmdb.org/resource/performance/93828
901	http://data.linkedmdb.org/resource/film/83479
902	http://data.linkedmdb.org/resource/film/24460
903	http://data.linkedmdb.org/resource/film/56333
904	http://data.linkedmdb.org/resource/performance/40281
905	http://data.linkedmdb.org/resource/performance/61682
906	http://data.linkedmdb.org/resource/film/50551
907	http://data.linkedmdb.org/resource/writer/13288
908	http://data.linkedmdb.org/resource/film/1652
909	http://data.linkedmdb.org/resource/editor/2641
910	http://data.linkedmdb.org/resource/editor/36
911	http://data.linkedmdb.org/resource/director/632
912	http://data.linkedmdb.org/resource/actor/37594
913	http://data.linkedmdb.org/resource/performance/100254
914	http://www.freebase.com/view/guid/9202a8c04000641f800000000001fdcc
915	http://data.linkedmdb.org/resource/film/59172
916	http://data.linkedmdb.org/resource/director/13995
917	http://data.linkedmdb.org/resource/performance/122855
918	http://data.linkedmdb.org/resource/writer/13441
919	http://data.linkedmdb.org/resource/film/62913
920	http://data.linkedmdb.org/resource/film/8961
921	http://data.linkedmdb.org/resource/film/49558
922	http://data.linkedmdb.org/resource/editor/29
923	http://www.rottentomatoes.com/alias?type=imdbid&s=0120751
924	http://data.linkedmdb.org/resource/film/53089
925	http://data.linkedmdb.org/resource/performance/79968
926	http://data.linkedmdb.org/resource/performance/4237
927	http://data.linkedmdb.org/resource/performance/39259
928	http://data.linkedmdb.org/resource/music_contributor/180
929	http://data.linkedmdb.org/resource/film/38512
930	http://data.linkedmdb.org/resource/producer/997
931	http://data.linkedmdb.org/resource/writer/797
932	http://data.linkedmdb.org/resource/film/75104
933	http://data.linkedmdb.org/resource/film_subject/375
934	http://data.linkedmdb.org/resource/producer/2158
935	http://data.linkedmdb.org/resource/director/13237
936	http://data.linkedmdb.org/resource/performance/122075
937	http://data.linkedmdb.org/resource/performance/30620
938	http://data.linkedmdb.org/resource/actor/35028
939	http://data.linkedmdb.org/resource/performance/100710
940	http://data.linkedmdb.org/resource/performance/76814
941	http://www4.wiwiss.fu-berlin.de/flickrwrappr/photos/Megaville
942	http://data.linkedmdb.org/resource/film/86336
943	http://data.linkedmdb.org/resource/film/75091
944	http://data.linkedmdb.org/resource/performance/17700
945	http://data.linkedmdb.org/resource/performance/77497
946	http://data.linkedmdb.org/resource/interlink/2897
947	http://data.linkedmdb.org/resource/film/54618
948	http://data.linkedmdb.org/resource/film/6930
949	http://data.linkedmdb.org/resource/performance/49723
950	http://data.linkedmdb.org/resource/performance/88430
951	http://data.linkedmdb.org/resource/writer/1354
952	http://data.linkedmdb.org/resource/film/38231
953	http://www.freebase.com/view/guid/9202a8c04000641f80000000003be85d
954	http://data.linkedmdb.org/resource/film/47442
955	http://data.linkedmdb.org/resource/producer/14177
956	http://data.linkedmdb.org/resource/performance/144086
957	http://data.linkedmdb.org/resource/production_company/197
958	http://data.linkedmdb.org/resource/performance/99761
959	http://data.linkedmdb.org/resource/performance/97377
960	http://data.linkedmdb.org/resource/film/57025
961	http://data.linkedmdb.org/resource/performance/91877
962	http://data.linkedmdb.org/resource/film/17852
963	http://data.linkedmdb.org/resource/actor/32753
964	http://data.linkedmdb.org/resource/performance/131718
965	http://data.linkedmdb.org/resource/performance/152821
966	http://data.linkedmdb.org/resource/performance/59230
967	http://data.linkedmdb.org/resource/actor/46898
968	http://www.freebase.com/view/guid/9202a8c04000641f800000000028c1a8
969	http://data.linkedmdb.org/resource/performance/155111
970	http://data.linkedmdb.org/resource/director/2954
971	http://data.linkedmdb.org/resource/film/39533
972	http://www.lingvoj.org/lingvo/fr
973	http://data.linkedmdb.org/resource/film/4108
974	http://www.imdb.com/title/tt0035096
975	http://data.linkedmdb.org/resource/actor/39031
976	http://data.linkedmdb.org/resource/film/38069
977	http://data.linkedmdb.org/resource/film/84416
978	http://data.linkedmdb.org/resource/film/56456
979	http://data.linkedmdb.org/resource/film/21167
980	http://data.linkedmdb.org/resource/performance/152820
981	http://data.linkedmdb.org/resource/writer/16216
982	http://data.linkedmdb.org/resource/film/89760
983	http://data.linkedmdb.org/resource/actor/38848
984	http://data.linkedmdb.org/resource/film/1559
985	http://data.linkedmdb.org/resource/performance/91930
986	http://www4.wiwiss.fu-berlin.de/flickrwrappr/photos/Soldier_(film)
987	http://data.linkedmdb.org/resource/actor/31243
988	http://data.linkedmdb.org/resource/performance/41088
989	http://data.linkedmdb.org/resource/performance/173723
990	http://www.rottentomatoes.com/alias?type=imdbid&s=0329706
991	http://data.linkedmdb.org/resource/performance/24169
992	http://data.linkedmdb.org/resource/interlink/74945
993	http://data.linkedmdb.org/resource/film/75100
994	http://data.linkedmdb.org/resource/writer/1389
995	http://data.linkedmdb.org/resource/performance/122860
996	http://data.linkedmdb.org/resource/performance/5455
997	http://data.linkedmdb.org/resource/performance/71211
998	http://data.linkedmdb.org/resource/performance/148972
999	http://data.linkedmdb.org/resource/film/86575
1000	http://data.linkedmdb.org/resource/film/49262
1001	http://data.linkedmdb.org/resource/performance/94391
1002	http://data.linkedmdb.org/resource/film/5467
1003	http://data.linkedmdb.org/resource/film/45424
1004	http://data.linkedmdb.org/resource/performance/83508
1005	http://data.linkedmdb.org/resource/interlink/6219
1006	http://data.linkedmdb.org/resource/performance/148968
1007	http://data.linkedmdb.org/resource/producer/612
1008	http://data.linkedmdb.org/resource/performance/29132
1009	http://data.linkedmdb.org/resource/performance/158782
1010	http://data.linkedmdb.org/resource/film_subject/281
1011	http://data.linkedmdb.org/resource/film/42629
1012	http://data.linkedmdb.org/resource/performance/98344
1013	http://www.freebase.com/view/guid/9202a8c04000641f8000000000646474
1014	http://data.linkedmdb.org/resource/performance/91100
1015	http://data.linkedmdb.org/resource/performance/148975
1016	http://data.linkedmdb.org/resource/film/6435
1017	http://data.linkedmdb.org/resource/film_film_distributor_relationship/5972
1018	http://data.linkedmdb.org/resource/performance/145767
1019	http://data.linkedmdb.org/resource/film/75098
1020	http://data.linkedmdb.org/resource/film/1351
1021	http://data.linkedmdb.org/resource/performance/83973
1022	http://data.linkedmdb.org/resource/performance/18188
1023	http://data.linkedmdb.org/resource/performance/35120
1024	http://data.linkedmdb.org/resource/performance/171445
1025	http://data.linkedmdb.org/resource/film/75107
1026	http://data.linkedmdb.org/resource/performance/148979
1027	http://data.linkedmdb.org/resource/film/7238
1028	http://data.linkedmdb.org/resource/actor/728
1029	http://data.linkedmdb.org/resource/performance/80562
1030	http://data.linkedmdb.org/resource/film_cut/14503
1031	http://data.linkedmdb.org/resource/performance/25386
1032	http://data.linkedmdb.org/resource/film/49298
1033	http://data.linkedmdb.org/resource/film/86219
1034	http://data.linkedmdb.org/resource/performance/76487
1035	http://data.linkedmdb.org/resource/actor/34656
1036	http://data.linkedmdb.org/resource/performance/115590
1037	http://www.freebase.com/view/guid/9202a8c04000641f8000000000867897
1038	http://data.linkedmdb.org/resource/performance/128910
1039	http://www.freebase.com/view/guid/9202a8c04000641f8000000000db9872
1040	http://data.linkedmdb.org/resource/film/49586
1041	http://data.linkedmdb.org/resource/film/1044
1042	http://data.linkedmdb.org/resource/film/47332
1043	http://data.linkedmdb.org/resource/interlink/42566
1044	http://data.linkedmdb.org/resource/performance/158778
1045	http://data.linkedmdb.org/resource/writer/4410
1046	http://data.linkedmdb.org/resource/film/52581
1047	http://data.linkedmdb.org/resource/film/1835
1048	http://data.linkedmdb.org/resource/actor/40968
1049	http://sws.geonames.org/1861060/
1050	http://www.freebase.com/view/guid/9202a8c04000641f8000000000006567
1051	http://data.linkedmdb.org/resource/film/1734
1052	http://data.linkedmdb.org/resource/performance/38255
1053	http://data.linkedmdb.org/resource/performance/91023
1054	http://data.linkedmdb.org/resource/film/22495
1055	http://data.linkedmdb.org/resource/performance/128183
1056	http://data.linkedmdb.org/resource/interlink/21430
1057	http://www.imdb.com/title/tt0329706
1058	http://data.linkedmdb.org/resource/performance/190524
1059	http://data.linkedmdb.org/resource/performance/27086
1060	http://data.linkedmdb.org/resource/performance/77791
1061	http://data.linkedmdb.org/resource/performance/39427
1062	http://data.linkedmdb.org/resource/performance/24196
1063	http://data.linkedmdb.org/resource/performance/65578
1064	http://data.linkedmdb.org/resource/film/900
1065	http://www.rottentomatoes.com/alias?type=imdbid&s=0329028
1066	http://data.linkedmdb.org/resource/film/86573
1067	http://data.linkedmdb.org/resource/film_cut/11663
1068	http://data.linkedmdb.org/resource/film/50248
1069	http://data.linkedmdb.org/resource/film/50107
1070	http://data.linkedmdb.org/resource/film/66506
1071	http://data.linkedmdb.org/resource/performance/7289
1072	http://data.linkedmdb.org/resource/performance/70953
1073	http://data.linkedmdb.org/resource/film/91044
1074	http://data.linkedmdb.org/resource/performance/15940
1075	http://www.freebase.com/view/guid/9202a8c04000641f8000000000942ce9
1076	http://data.linkedmdb.org/resource/film/47819
1077	http://data.linkedmdb.org/resource/music_contributor/5748
1078	http://data.linkedmdb.org/resource/film/49833
1079	http://data.linkedmdb.org/resource/producer/16678
1080	http://data.linkedmdb.org/resource/performance/92543
1081	http://data.linkedmdb.org/resource/music_contributor/5454
1082	http://data.linkedmdb.org/resource/film/48536
1083	http://data.linkedmdb.org/resource/film/23866
1084	http://data.linkedmdb.org/resource/film/57373
1085	http://data.linkedmdb.org/resource/film/84209
1086	http://data.linkedmdb.org/resource/performance/40275
1087	http://data.linkedmdb.org/resource/film/42844
1088	http://data.linkedmdb.org/resource/performance/4226
1089	http://data.linkedmdb.org/resource/film/40943
1090	http://www4.wiwiss.fu-berlin.de/flickrwrappr/photos/What's_New_Pussycat?
1091	http://data.linkedmdb.org/resource/film/1848
1092	http://data.linkedmdb.org/resource/performance/152327
1093	http://data.linkedmdb.org/resource/performance/127454
1094	http://data.linkedmdb.org/resource/interlink/44549
1095	http://data.linkedmdb.org/resource/film/75106
1096	http://data.linkedmdb.org/resource/country/FR
1097	http://data.linkedmdb.org/resource/performance/141962
1098	http://data.linkedmdb.org/resource/film/96162
1099	http://data.linkedmdb.org/resource/performance/66281
1100	http://data.linkedmdb.org/resource/film_film_distributor_relationship/7368
1101	http://data.linkedmdb.org/resource/performance/113132
1102	http://www4.wiwiss.fu-berlin.de/flickrwrappr/photos/A_Man,_a_Real_One
1103	http://data.linkedmdb.org/resource/film/86296
1104	http://data.linkedmdb.org/resource/performance/4928
1105	http://data.linkedmdb.org/resource/performance/101674
1106	http://data.linkedmdb.org/resource/performance/629
1107	http://data.linkedmdb.org/resource/film/578
1108	http://data.linkedmdb.org/resource/film/54426
1109	http://data.linkedmdb.org/resource/film/11164
1110	http://data.linkedmdb.org/resource/film/45412
1111	http://data.linkedmdb.org/resource/performance/27088
1112	http://data.linkedmdb.org/resource/film/45913
1113	http://data.linkedmdb.org/resource/performance/97513
1114	http://data.linkedmdb.org/resource/performance/23126
1115	http://data.linkedmdb.org/resource/actor/30368
1116	http://data.linkedmdb.org/resource/performance/152815
1117	http://data.linkedmdb.org/resource/cinematographer/183
1118	http://data.linkedmdb.org/resource/film/25030
1119	http://data.linkedmdb.org/resource/film/42553
1120	http://sws.geonames.org/1269750/
1121	http://data.linkedmdb.org/resource/actor/30004
1122	http://www.rottentomatoes.com/alias?type=imdbid&s=0048954/
1123	http://data.linkedmdb.org/resource/performance/129624
1124	http://data.linkedmdb.org/resource/performance/11653
1125	http://data.linkedmdb.org/resource/film/83482
1126	http://data.linkedmdb.org/resource/film/49130
1127	http://data.linkedmdb.org/resource/performance/152814
1128	http://data.linkedmdb.org/resource/performance/130707
1129	http://www.freebase.com/view/guid/9202a8c04000641f800000000012b866
1130	http://data.linkedmdb.org/resource/performance/74576
1131	http://data.linkedmdb.org/resource/producer/698
1132	http://www4.wiwiss.fu-berlin.de/flickrwrappr/photos/Magnum,_P.I.
1133	http://data.linkedmdb.org/resource/performance/28803
1134	http://data.linkedmdb.org/resource/performance/100252
1135	http://data.linkedmdb.org/resource/performance/17353
1136	http://data.linkedmdb.org/resource/film/73597
1137	http://data.linkedmdb.org/resource/actor/30837
1138	http://data.linkedmdb.org/resource/interlink/137540
1139	http://data.linkedmdb.org/resource/performance/184809
1140	http://data.linkedmdb.org/resource/performance/183968
1141	http://data.linkedmdb.org/resource/film_format/56
1142	http://data.linkedmdb.org/resource/film/39079
1143	http://data.linkedmdb.org/resource/performance/57193
1144	http://data.linkedmdb.org/resource/film_film_distributor_relationship/7390
1145	http://data.linkedmdb.org/resource/interlink/2995
1146	http://data.linkedmdb.org/resource/film/13700
1147	http://data.linkedmdb.org/resource/cinematographer/692
1148	http://data.linkedmdb.org/resource/interlink/61136
1149	http://data.linkedmdb.org/resource/actor/32009
1150	http://data.linkedmdb.org/resource/film/48538
1151	http://data.linkedmdb.org/resource/performance/63428
1152	http://data.linkedmdb.org/resource/performance/144090
1153	http://data.linkedmdb.org/resource/performance/42948
1154	http://data.linkedmdb.org/resource/producer/14066
1155	http://data.linkedmdb.org/resource/performance/36053
1156	http://data.linkedmdb.org/resource/performance/4369
1157	http://data.linkedmdb.org/resource/performance/146941
1158	http://data.linkedmdb.org/resource/performance/184389
1159	http://data.linkedmdb.org/resource/film/8503
1160	http://data.linkedmdb.org/resource/performance/4343
1161	http://data.linkedmdb.org/resource/film/65937
1162	http://data.linkedmdb.org/resource/performance/16429
1163	http://data.linkedmdb.org/resource/film/4901
1164	http://data.linkedmdb.org/resource/performance/18592
1165	http://data.linkedmdb.org/resource/performance/37111
1166	http://data.linkedmdb.org/resource/performance/148976
1167	http://data.linkedmdb.org/resource/film/7122
1168	http://data.linkedmdb.org/resource/film/39946
1169	http://data.linkedmdb.org/resource/performance/127332
1170	http://data.linkedmdb.org/resource/film/54847
1171	http://data.linkedmdb.org/resource/film/18729
1172	http://data.linkedmdb.org/resource/performance/152812
1173	http://data.linkedmdb.org/resource/performance/70982
1174	http://data.linkedmdb.org/resource/film/47207
1175	http://data.linkedmdb.org/resource/film/2078
1176	http://data.linkedmdb.org/resource/performance/106569
1177	http://data.linkedmdb.org/resource/performance/85656
1178	http://data.linkedmdb.org/resource/film/10872
1179	http://data.linkedmdb.org/resource/performance/25387
1180	http://data.linkedmdb.org/resource/film/6195
1181	http://data.linkedmdb.org/resource/film/81918
1182	http://data.linkedmdb.org/resource/film/2391
1183	http://data.linkedmdb.org/resource/film/9876
1184	http://data.linkedmdb.org/resource/film/50542
1185	http://data.linkedmdb.org/resource/film/59726
1186	http://data.linkedmdb.org/resource/performance/136134
1187	http://data.linkedmdb.org/resource/actor/29778
1188	http://data.linkedmdb.org/resource/film/57576
1189	http://data.linkedmdb.org/resource/actor/30975
1190	http://data.linkedmdb.org/resource/film/92999
1191	http://data.linkedmdb.org/resource/film/905
1192	http://data.linkedmdb.org/resource/film/5622
1193	http://data.linkedmdb.org/resource/performance/83099
1194	http://data.linkedmdb.org/resource/performance/90388
1195	http://data.linkedmdb.org/resource/producer/9896
1196	http://data.linkedmdb.org/resource/film/16513
1197	http://data.linkedmdb.org/resource/performance/140336
1198	http://data.linkedmdb.org/resource/producer/10319
1199	http://data.linkedmdb.org/resource/film_cut/6866
1200	http://data.linkedmdb.org/resource/music_contributor/5266
1201	http://data.linkedmdb.org/resource/film/93001
1202	http://data.linkedmdb.org/resource/performance/76021
1203	http://data.linkedmdb.org/resource/performance/118941
1204	http://data.linkedmdb.org/resource/actor/46958
1205	http://data.linkedmdb.org/resource/film/40146
1206	http://data.linkedmdb.org/resource/performance/57903
1207	http://data.linkedmdb.org/resource/film_cut/7327
1208	http://data.linkedmdb.org/resource/interlink/71209
1209	http://data.linkedmdb.org/resource/film/1393
1210	http://data.linkedmdb.org/resource/film/89937
1211	http://data.linkedmdb.org/resource/film_subject/465
1212	http://data.linkedmdb.org/resource/performance/144085
1213	http://data.linkedmdb.org/resource/producer/377
1214	http://data.linkedmdb.org/resource/film/52946
1215	http://data.linkedmdb.org/resource/film/6025
1216	http://data.linkedmdb.org/resource/film/9039
1217	http://www4.wiwiss.fu-berlin.de/flickrwrappr/photos/Now_You_See_Him,_Now_You_Don't
1218	http://data.linkedmdb.org/resource/performance/92016
1219	http://data.linkedmdb.org/resource/performance/97199
1220	http://data.linkedmdb.org/resource/film/48957
1221	http://data.linkedmdb.org/resource/performance/5456
1222	http://data.linkedmdb.org/resource/film/10004
1223	http://data.linkedmdb.org/resource/performance/37403
1224	http://data.linkedmdb.org/resource/performance/21553
1225	http://data.linkedmdb.org/resource/actor/59932
1226	http://data.linkedmdb.org/resource/film/11392
1227	http://data.linkedmdb.org/resource/film/1531
1228	http://data.linkedmdb.org/resource/performance/84248
1229	http://data.linkedmdb.org/resource/performance/19149
1230	http://data.linkedmdb.org/resource/film/5167
1231	http://data.linkedmdb.org/resource/film/7970
1232	http://data.linkedmdb.org/resource/performance/190525
1233	http://data.linkedmdb.org/resource/interlink/26016
1234	http://data.linkedmdb.org/resource/performance/48657
1235	http://data.linkedmdb.org/resource/interlink/136276
1236	http://data.linkedmdb.org/resource/performance/50061
1237	http://data.linkedmdb.org/resource/performance/23395
1238	http://data.linkedmdb.org/resource/performance/186775
1239	http://www.rottentomatoes.com/alias?type=imdbid&s=0085247
1240	http://data.linkedmdb.org/resource/film/1160
1241	http://data.linkedmdb.org/resource/film/54637
1242	http://data.linkedmdb.org/resource/performance/97468
1243	http://data.linkedmdb.org/resource/performance/88060
1244	http://data.linkedmdb.org/resource/performance/152806
1245	http://data.linkedmdb.org/resource/performance/168338
1246	http://data.linkedmdb.org/resource/performance/39632
1247	http://data.linkedmdb.org/resource/performance/103177
1248	http://data.linkedmdb.org/resource/performance/65403
1249	http://data.linkedmdb.org/resource/interlink/140209
1250	http://data.linkedmdb.org/resource/performance/10267
1251	http://data.linkedmdb.org/resource/performance/145237
1252	http://data.linkedmdb.org/resource/performance/152803
1253	http://data.linkedmdb.org/resource/performance/101962
1254	http://data.linkedmdb.org/resource/interlink/143782
1255	http://data.linkedmdb.org/resource/performance/32227
1256	http://data.linkedmdb.org/resource/film/19139
1257	http://www.freebase.com/view/guid/9202a8c04000641f80000000001d8847
1258	http://data.linkedmdb.org/resource/performance/120193
1259	http://data.linkedmdb.org/resource/film/59607
1260	http://data.linkedmdb.org/resource/interlink/73136
1261	http://data.linkedmdb.org/resource/performance/17410
1262	http://data.linkedmdb.org/resource/film/61816
1263	http://data.linkedmdb.org/resource/film/8115
1264	http://data.linkedmdb.org/resource/producer/3604
1265	http://www.freebase.com/view/guid/9202a8c04000641f800000000026d739
1266	http://data.linkedmdb.org/resource/film/48527
1267	http://data.linkedmdb.org/resource/film/4673
1268	http://data.linkedmdb.org/resource/writer/20104
1269	http://data.linkedmdb.org/resource/film/38338
1270	http://data.linkedmdb.org/resource/film/49734
1271	http://data.linkedmdb.org/resource/performance/4416
1272	http://data.linkedmdb.org/resource/performance/58567
1273	http://data.linkedmdb.org/resource/film/16872
1274	http://data.linkedmdb.org/resource/actor/36306
1275	http://data.linkedmdb.org/resource/performance/127572
1276	http://sws.geonames.org/3017382
1277	http://data.linkedmdb.org/resource/music_contributor/5683
1278	http://data.linkedmdb.org/resource/performance/80267
1279	http://data.linkedmdb.org/resource/film/6220
1280	http://data.linkedmdb.org/resource/performance/171205
1281	http://data.linkedmdb.org/resource/film/11148
1282	http://data.linkedmdb.org/resource/film/91749
1283	http://data.linkedmdb.org/resource/film/44818
1284	http://data.linkedmdb.org/resource/performance/34274
1285	http://data.linkedmdb.org/resource/film/41317
1286	http://data.linkedmdb.org/resource/film/42230
1287	http://data.linkedmdb.org/resource/actor/34160
1288	http://data.linkedmdb.org/resource/performance/77142
1289	http://data.linkedmdb.org/resource/performance/72428
1290	http://data.linkedmdb.org/resource/film_cut/881
1291	http://data.linkedmdb.org/resource/film_cut/7260
1292	http://data.linkedmdb.org/resource/performance/7116
1293	http://data.linkedmdb.org/resource/interlink/37782
1294	http://data.linkedmdb.org/resource/producer/5155
1295	http://data.linkedmdb.org/resource/writer/6220
1296	http://data.linkedmdb.org/resource/film/66749
1297	http://data.linkedmdb.org/resource/film/38490
1298	http://data.linkedmdb.org/resource/performance/190513
1299	http://data.linkedmdb.org/resource/interlink/1984
1300	http://data.linkedmdb.org/resource/performance/152816
1301	http://data.linkedmdb.org/resource/performance/149302
1302	http://data.linkedmdb.org/resource/performance/29135
1303	http://www.imdb.com/title/tt0038821
1304	http://data.linkedmdb.org/resource/performance/187510
1305	http://data.linkedmdb.org/resource/film/48310
1306	http://data.linkedmdb.org/resource/film/40001
1307	http://data.linkedmdb.org/resource/performance/28513
1308	http://data.linkedmdb.org/resource/performance/4392
1309	http://data.linkedmdb.org/resource/writer/2275
1310	http://data.linkedmdb.org/resource/writer/23034
1311	http://data.linkedmdb.org/resource/performance/97494
1312	http://data.linkedmdb.org/resource/performance/152817
1313	http://data.linkedmdb.org/resource/performance/46588
1314	http://data.linkedmdb.org/resource/film/96372
1315	http://data.linkedmdb.org/resource/performance/33556
1316	http://data.linkedmdb.org/resource/performance/89309
1317	http://data.linkedmdb.org/resource/film/86231
1318	http://data.linkedmdb.org/resource/film/48811
1319	http://data.linkedmdb.org/resource/performance/31471
1320	http://data.linkedmdb.org/resource/actor/42768
1321	http://data.linkedmdb.org/resource/performance/779
1322	http://data.linkedmdb.org/resource/interlink/2490
1323	http://data.linkedmdb.org/resource/performance/18189
1324	http://data.linkedmdb.org/resource/actor/41757
1325	http://data.linkedmdb.org/resource/film/81568
1326	http://data.linkedmdb.org/resource/writer/3493
1327	http://data.linkedmdb.org/resource/film/12047
1328	http://data.linkedmdb.org/resource/performance/148977
1329	http://data.linkedmdb.org/resource/actor/38898
1330	http://data.linkedmdb.org/resource/performance/198141
1331	http://data.linkedmdb.org/resource/film/7069
1332	http://data.linkedmdb.org/resource/film/5711
1333	http://data.linkedmdb.org/resource/interlink/74334
1334	http://data.linkedmdb.org/resource/performance/31800
1335	http://data.linkedmdb.org/resource/performance/2940
1336	http://data.linkedmdb.org/resource/performance/100251
1337	http://www.imdb.com/title/tt0085247
1338	http://data.linkedmdb.org/resource/film/40972
1339	http://data.linkedmdb.org/resource/film/75105
1340	http://data.linkedmdb.org/resource/performance/9658
1341	http://data.linkedmdb.org/resource/actor/9452
1342	http://data.linkedmdb.org/resource/performance/173836
1343	http://data.linkedmdb.org/resource/film/20144
1344	http://data.linkedmdb.org/resource/performance/152808
1345	http://data.linkedmdb.org/resource/actor/40417
1346	http://data.linkedmdb.org/resource/editor/1456
1347	http://data.linkedmdb.org/resource/film/21264
1348	http://data.linkedmdb.org/resource/film/62972
1349	http://data.linkedmdb.org/resource/performance/194101
1350	http://data.linkedmdb.org/resource/performance/85137
1351	http://data.linkedmdb.org/resource/film/66469
1352	http://data.linkedmdb.org/resource/performance/38225
1353	http://data.linkedmdb.org/resource/film/21521
1354	http://data.linkedmdb.org/resource/film/50896
1355	http://data.linkedmdb.org/resource/performance/177204
1356	http://www.rottentomatoes.com/alias?type=imdbid&s=0086244
1357	http://data.linkedmdb.org/resource/performance/10231
1358	http://data.linkedmdb.org/resource/performance/190523
1359	http://data.linkedmdb.org/resource/performance/108573
1360	http://data.linkedmdb.org/resource/performance/80354
1361	http://data.linkedmdb.org/resource/interlink/133988
1362	http://data.linkedmdb.org/resource/film/53444
1363	http://data.linkedmdb.org/resource/performance/100255
1364	http://data.linkedmdb.org/resource/performance/58524
1365	http://data.linkedmdb.org/resource/writer/15593
1366	http://data.linkedmdb.org/resource/production_company/368
1367	http://data.linkedmdb.org/resource/film/16516
1368	http://data.linkedmdb.org/resource/actor/42282
1369	http://data.linkedmdb.org/resource/performance/30832
1370	http://data.linkedmdb.org/resource/writer/2113
1371	http://data.linkedmdb.org/resource/film/83551
1372	http://data.linkedmdb.org/resource/writer/16079
1373	http://data.linkedmdb.org/resource/producer/3482
1374	http://data.linkedmdb.org/resource/actor/40768
1375	http://data.linkedmdb.org/resource/performance/72396
1376	http://data.linkedmdb.org/resource/actor/35239
1377	http://data.linkedmdb.org/resource/performance/82695
1378	http://data.linkedmdb.org/resource/performance/75295
1379	http://data.linkedmdb.org/resource/film/4477
1380	http://data.linkedmdb.org/resource/film/73
1381	http://data.linkedmdb.org/resource/film/44040
1382	http://data.linkedmdb.org/resource/interlink/138363
1383	http://data.linkedmdb.org/resource/film/7150
1384	http://data.linkedmdb.org/resource/performance/70478
1385	http://data.linkedmdb.org/resource/actor/585
1386	http://data.linkedmdb.org/resource/film/8994
1387	http://data.linkedmdb.org/resource/interlink/716
1388	http://data.linkedmdb.org/resource/producer/3418
1389	http://data.linkedmdb.org/resource/performance/184537
1390	http://data.linkedmdb.org/resource/performance/95522
1391	http://data.linkedmdb.org/resource/film_cut/19886
1392	http://data.linkedmdb.org/resource/performance/118676
1393	http://data.linkedmdb.org/resource/film/1288
1394	http://www.imdb.com/title/tt0017743
1395	http://data.linkedmdb.org/resource/film/20740
1396	http://data.linkedmdb.org/resource/actor/33082
1397	http://data.linkedmdb.org/resource/film_film_distributor_relationship/8599
1398	http://data.linkedmdb.org/resource/film/75103
1399	http://data.linkedmdb.org/resource/writer/3287
1400	http://data.linkedmdb.org/resource/performance/114086
1401	http://www.rottentomatoes.com/alias?type=imdbid&s=0035096
1402	http://data.linkedmdb.org/resource/actor/34655
1403	http://data.linkedmdb.org/resource/film/49795
1404	http://data.linkedmdb.org/resource/performance/67745
1405	http://data.linkedmdb.org/resource/interlink/43285
1406	http://data.linkedmdb.org/resource/film/7969
1407	http://data.linkedmdb.org/resource/performance/152807
1408	http://data.linkedmdb.org/resource/actor/1167
1409	http://data.linkedmdb.org/resource/actor/39434
1410	http://data.linkedmdb.org/resource/film/9051
1411	http://data.linkedmdb.org/resource/actor/29679
1412	http://data.linkedmdb.org/resource/performance/17411
1413	http://data.linkedmdb.org/resource/performance/5665
1414	http://data.linkedmdb.org/resource/performance/40276
1415	http://data.linkedmdb.org/resource/film/5345
1416	http://data.linkedmdb.org/resource/film/2274
1417	http://www.freebase.com/view/guid/9202a8c04000641f8000000000b3087f
1418	http://data.linkedmdb.org/resource/performance/170221
1419	http://data.linkedmdb.org/resource/performance/4415
1420	http://data.linkedmdb.org/resource/performance/22374
1421	http://data.linkedmdb.org/resource/film/75101
1422	http://data.linkedmdb.org/resource/film/45680
1423	http://data.linkedmdb.org/resource/actor/30204
1424	http://data.linkedmdb.org/resource/performance/70920
1425	http://data.linkedmdb.org/resource/actor/38081
1426	http://data.linkedmdb.org/resource/performance/121912
1427	http://data.linkedmdb.org/resource/performance/54247
1428	http://data.linkedmdb.org/resource/film/15323
1429	http://data.linkedmdb.org/resource/performance/60580
1430	http://data.linkedmdb.org/resource/film/81675
1431	http://data.linkedmdb.org/resource/performance/87924
1432	http://data.linkedmdb.org/resource/film/11541
1433	http://data.linkedmdb.org/resource/film/39205
1434	http://data.linkedmdb.org/resource/film/75092
1435	http://data.linkedmdb.org/resource/performance/84776
1436	http://data.linkedmdb.org/resource/interlink/55701
1437	http://data.linkedmdb.org/resource/actor/7703
1438	http://www.freebase.com/view/guid/9202a8c04000641f80000000004af166
1439	http://data.linkedmdb.org/resource/film/19747
1440	http://data.linkedmdb.org/resource/actor/61176
1441	http://data.linkedmdb.org/resource/film/75108
1442	http://data.linkedmdb.org/resource/writer/110
1443	http://data.linkedmdb.org/resource/performance/28916
1444	http://data.linkedmdb.org/resource/film_film_distributor_relationship/11639
1445	http://data.linkedmdb.org/resource/producer/10869
1446	http://data.linkedmdb.org/resource/film/12792
1447	http://data.linkedmdb.org/resource/film/8533
1448	http://data.linkedmdb.org/resource/film/13355
1449	http://data.linkedmdb.org/resource/performance/4408
1450	http://data.linkedmdb.org/resource/actor/29977
1451	http://data.linkedmdb.org/resource/performance/149684
1452	http://data.linkedmdb.org/resource/film/48308
1453	http://data.linkedmdb.org/resource/performance/112203
1454	http://www.imdb.com/title/tt0120157/
1455	http://data.linkedmdb.org/resource/film/10705
1456	http://data.linkedmdb.org/resource/film/1763
1457	http://data.linkedmdb.org/resource/film/46878
1458	http://data.linkedmdb.org/resource/performance/140418
1459	http://data.linkedmdb.org/resource/actor/60322
1460	http://data.linkedmdb.org/resource/actor/47808
1461	http://data.linkedmdb.org/resource/film/7447
1462	http://data.linkedmdb.org/resource/film/43841
1463	http://data.linkedmdb.org/resource/performance/97867
1464	http://data.linkedmdb.org/resource/film/48207
1465	http://www.freebase.com/view/guid/9202a8c04000641f80000000055827c2
1466	http://data.linkedmdb.org/resource/performance/41087
1467	http://data.linkedmdb.org/resource/interlink/136102
1468	http://data.linkedmdb.org/resource/interlink/39492
1469	http://data.linkedmdb.org/resource/performance/132033
1470	http://data.linkedmdb.org/resource/actor/33031
1471	http://data.linkedmdb.org/resource/actor/59936
1472	http://data.linkedmdb.org/resource/performance/91417
1473	http://data.linkedmdb.org/resource/film/48683
1474	http://data.linkedmdb.org/resource/film/19611
1475	http://data.linkedmdb.org/resource/film/86574
1476	http://data.linkedmdb.org/resource/performance/91764
1477	http://data.linkedmdb.org/resource/film/83452
1478	http://data.linkedmdb.org/resource/producer/13682
1479	http://data.linkedmdb.org/resource/film/48067
1480	http://data.linkedmdb.org/resource/interlink/74410
1481	http://data.linkedmdb.org/resource/performance/152810
1482	http://data.linkedmdb.org/resource/writer/15304
1483	http://data.linkedmdb.org/resource/performance/134773
1484	http://data.linkedmdb.org/resource/film/86572
1485	http://www.freebase.com/view/guid/9202a8c04000641f80000000056c9d19
1486	http://data.linkedmdb.org/resource/film_set_designer/2
1487	http://data.linkedmdb.org/resource/performance/97181
1488	http://data.linkedmdb.org/resource/performance/97068
1489	http://data.linkedmdb.org/resource/film/2116
1490	http://data.linkedmdb.org/resource/film/11547
1491	http://data.linkedmdb.org/resource/writer/14938
1492	http://data.linkedmdb.org/resource/actor/32234
1493	http://data.linkedmdb.org/resource/film/42051
1494	http://data.linkedmdb.org/resource/film/10072
1495	http://data.linkedmdb.org/resource/performance/108901
1496	http://data.linkedmdb.org/resource/film/78626
1497	http://www.rottentomatoes.com/alias?type=imdbid&s=0059903/
1498	http://data.linkedmdb.org/resource/director/11682
1499	http://data.linkedmdb.org/resource/performance/49737
1500	http://data.linkedmdb.org/resource/film/19259
1501	http://data.linkedmdb.org/resource/film/76933
1502	http://data.linkedmdb.org/resource/film/705
1503	http://data.linkedmdb.org/resource/performance/61810
1504	http://data.linkedmdb.org/resource/performance/38233
1505	http://data.linkedmdb.org/resource/performance/98998
1506	http://data.linkedmdb.org/resource/film/16960
1507	http://data.linkedmdb.org/resource/film/49380
1508	http://data.linkedmdb.org/resource/producer/154
1509	http://data.linkedmdb.org/resource/writer/14150
1510	http://data.linkedmdb.org/resource/film_cut/5782
1511	http://data.linkedmdb.org/resource/film_cut/165
1512	http://data.linkedmdb.org/resource/performance/108617
1513	http://data.linkedmdb.org/resource/film/87493
1514	http://data.linkedmdb.org/resource/performance/43619
1515	http://data.linkedmdb.org/resource/actor/32491
1516	http://data.linkedmdb.org/resource/producer/526
1517	http://data.linkedmdb.org/resource/performance/21286
1518	http://data.linkedmdb.org/resource/actor/34973
1519	http://data.linkedmdb.org/resource/film/38394
1520	http://data.linkedmdb.org/resource/actor/31973
1521	http://data.linkedmdb.org/resource/film/86568
1522	http://data.linkedmdb.org/resource/performance/133703
1523	http://data.linkedmdb.org/resource/writer/14754
1524	http://data.linkedmdb.org/resource/film/93349
1525	http://data.linkedmdb.org/resource/performance/121429
1526	http://data.linkedmdb.org/resource/performance/92512
1527	http://data.linkedmdb.org/resource/interlink/40061
1528	http://data.linkedmdb.org/resource/performance/42133
1529	http://www.rottentomatoes.com/alias?type=imdbid&s=0099731
1530	http://data.linkedmdb.org/resource/performance/94475
1531	http://data.linkedmdb.org/resource/film_cut/867
1532	http://data.linkedmdb.org/resource/performance/27993
1533	http://data.linkedmdb.org/resource/performance/100253
1534	http://data.linkedmdb.org/resource/performance/82244
1535	http://data.linkedmdb.org/resource/film/75093
1536	http://data.linkedmdb.org/resource/actor/29794
1537	http://data.linkedmdb.org/resource/performance/114242
1538	http://data.linkedmdb.org/resource/performance/190521
1539	http://data.linkedmdb.org/resource/actor/52659
1540	http://data.linkedmdb.org/resource/performance/4223
1541	http://data.linkedmdb.org/resource/film_genre/15
1542	http://data.linkedmdb.org/resource/actor/36466
1543	http://data.linkedmdb.org/resource/performance/113311
1544	http://data.linkedmdb.org/resource/performance/84785
1545	http://data.linkedmdb.org/resource/actor/32619
1546	http://data.linkedmdb.org/resource/performance/777
1547	http://data.linkedmdb.org/resource/performance/111280
1548	http://data.linkedmdb.org/resource/performance/129784
1549	http://data.linkedmdb.org/resource/interlink/135199
1550	http://data.linkedmdb.org/resource/performance/4414
1551	http://data.linkedmdb.org/resource/interlink/71114
1552	http://data.linkedmdb.org/resource/film_film_distributor_relationship/10936
1553	http://data.linkedmdb.org/resource/film/47737
1554	http://data.linkedmdb.org/resource/film/16976
1555	http://data.linkedmdb.org/resource/performance/98388
1556	http://data.linkedmdb.org/resource/film/8920
1557	http://data.linkedmdb.org/resource/performance/2850
1558	http://data.linkedmdb.org/resource/performance/4413
1559	http://data.linkedmdb.org/resource/performance/88253
1560	http://data.linkedmdb.org/resource/film/59947
1561	http://data.linkedmdb.org/resource/performance/144089
1562	http://data.linkedmdb.org/resource/producer/5946
1563	http://data.linkedmdb.org/resource/film/82265
1564	http://www.rottentomatoes.com/alias?type=imdbid&s=0017743
1565	http://data.linkedmdb.org/resource/performance/44873
1566	http://data.linkedmdb.org/resource/performance/99365
1567	http://data.linkedmdb.org/resource/actor/35616
1568	http://data.linkedmdb.org/resource/film/48047
1569	http://data.linkedmdb.org/resource/film_film_distributor_relationship/4642
1570	http://data.linkedmdb.org/resource/film/87571
1571	http://data.linkedmdb.org/resource/performance/43959
1572	http://data.linkedmdb.org/resource/actor/31908
1573	http://data.linkedmdb.org/resource/film/49928
1574	http://data.linkedmdb.org/resource/performance/127422
1575	http://data.linkedmdb.org/resource/actor/29405
1576	http://data.linkedmdb.org/resource/actor/34294
1577	http://data.linkedmdb.org/resource/performance/90120
1578	http://data.linkedmdb.org/resource/interlink/72470
1579	http://data.linkedmdb.org/resource/actor/34407
1580	http://data.linkedmdb.org/resource/performance/158783
1581	http://data.linkedmdb.org/resource/performance/96920
1582	http://www.freebase.com/view/guid/9202a8c04000641f800000000073a82c
1583	http://data.linkedmdb.org/resource/performance/64965
1584	http://data.linkedmdb.org/resource/performance/123155
1585	http://data.linkedmdb.org/resource/producer/1174
1586	http://data.linkedmdb.org/resource/film/59934
1587	http://data.linkedmdb.org/resource/performance/160521
1588	http://www.imdb.com/title/tt0303356
1589	http://data.linkedmdb.org/resource/film/48418
1590	http://data.linkedmdb.org/resource/producer/4492
1591	http://data.linkedmdb.org/resource/performance/178390
1592	http://data.linkedmdb.org/resource/interlink/139288
1593	http://data.linkedmdb.org/resource/performance/27568
1594	http://data.linkedmdb.org/resource/actor/47098
1595	http://data.linkedmdb.org/resource/film/39882
1596	http://data.linkedmdb.org/resource/performance/16031
1597	http://data.linkedmdb.org/resource/performance/23316
1598	http://data.linkedmdb.org/resource/writer/796
1599	http://www4.wiwiss.fu-berlin.de/flickrwrappr/photos/Briana_Loves_Jenna
1600	http://data.linkedmdb.org/resource/film/70465
1601	http://data.linkedmdb.org/resource/film/5235
1602	http://data.linkedmdb.org/resource/actor/39854
1603	http://data.linkedmdb.org/resource/performance/148970
1604	http://data.linkedmdb.org/resource/performance/112511
1605	http://data.linkedmdb.org/resource/film/53197
1606	http://data.linkedmdb.org/resource/producer/11068
1607	http://data.linkedmdb.org/resource/performance/35123
1608	http://data.linkedmdb.org/resource/performance/190519
1609	http://data.linkedmdb.org/resource/performance/45160
1610	http://data.linkedmdb.org/resource/film/75088
1611	http://data.linkedmdb.org/resource/performance/3785
1612	http://www.imdb.com/title/tt0758789
1613	http://data.linkedmdb.org/resource/actor/59938
1614	http://data.linkedmdb.org/resource/performance/190522
1615	http://data.linkedmdb.org/resource/film/43693
1616	http://data.linkedmdb.org/resource/film/2105
1617	http://data.linkedmdb.org/resource/actor/37715
1618	http://data.linkedmdb.org/resource/film/2823
1619	http://data.linkedmdb.org/resource/performance/182041
1620	http://data.linkedmdb.org/resource/actor/34357
1621	http://data.linkedmdb.org/resource/film/46728
1622	http://data.linkedmdb.org/resource/film/48396
1623	http://www.freebase.com/view/guid/9202a8c04000641f8000000000333908
1624	http://data.linkedmdb.org/resource/writer/1396
1625	http://data.linkedmdb.org/resource/performance/99072
1626	http://data.linkedmdb.org/resource/film_cut/2019
1627	http://data.linkedmdb.org/resource/performance/125941
1628	http://data.linkedmdb.org/resource/film/95572
1629	http://data.linkedmdb.org/resource/performance/169470
1630	http://www.freebase.com/view/guid/9202a8c04000641f8000000005596ce8
1631	http://data.linkedmdb.org/resource/film/48320
1632	http://data.linkedmdb.org/resource/producer/10678
1633	http://data.linkedmdb.org/resource/performance/190526
1634	http://data.linkedmdb.org/resource/film/57086
1635	http://data.linkedmdb.org/resource/performance/150932
1636	http://data.linkedmdb.org/resource/performance/114368
1637	http://data.linkedmdb.org/resource/writer/19046
1638	http://data.linkedmdb.org/resource/film/14139
1639	http://data.linkedmdb.org/resource/film/11393
1640	http://data.linkedmdb.org/resource/actor/35202
1641	http://data.linkedmdb.org/resource/actor/33140
1642	http://www.freebase.com/view/guid/9202a8c04000641f800000000b91415f
1643	http://www.imdb.com/title/tt0756681
1644	http://data.linkedmdb.org/resource/film/59061
1645	http://data.linkedmdb.org/resource/performance/22859
1646	http://www.freebase.com/view/guid/9202a8c04000641f80000000000ac6c9
1647	http://data.linkedmdb.org/resource/film/52970
1648	http://data.linkedmdb.org/resource/actor/60309
1649	http://data.linkedmdb.org/resource/performance/91784
1650	http://data.linkedmdb.org/resource/performance/152805
1651	http://data.linkedmdb.org/resource/actor/35688
1652	http://data.linkedmdb.org/resource/film_genre/9
1653	http://data.linkedmdb.org/resource/performance/136030
1654	http://sws.geonames.org/2077456/
1655	http://data.linkedmdb.org/resource/actor/37687
1656	http://www4.wiwiss.fu-berlin.de/bookmashup/books/0771008139
1657	http://data.linkedmdb.org/resource/interlink/70238
1658	http://data.linkedmdb.org/resource/editor/318
1659	http://data.linkedmdb.org/resource/interlink/138483
1660	http://data.linkedmdb.org/resource/performance/123172
1661	http://data.linkedmdb.org/resource/performance/148971
1662	http://www.freebase.com/view/guid/9202a8c04000641f80000000047ba60d
1663	http://data.linkedmdb.org/resource/performance/15485
1664	http://data.linkedmdb.org/resource/country/IN
1665	http://data.linkedmdb.org/resource/performance/40313
1666	http://data.linkedmdb.org/resource/interlink/140699
1667	http://data.linkedmdb.org/resource/film/584
1668	http://data.linkedmdb.org/resource/performance/21380
1669	http://data.linkedmdb.org/resource/performance/145202
1670	http://www.freebase.com/view/guid/9202a8c04000641f8000000000c6ae93
1671	http://data.linkedmdb.org/resource/film/47951
1672	http://data.linkedmdb.org/resource/performance/59117
1673	http://data.linkedmdb.org/resource/performance/96848
1674	http://data.linkedmdb.org/resource/performance/190527
1675	http://data.linkedmdb.org/resource/performance/190516
1676	http://data.linkedmdb.org/resource/performance/58545
1677	http://data.linkedmdb.org/resource/performance/170732
1678	http://data.linkedmdb.org/resource/performance/37390
1679	http://data.linkedmdb.org/resource/film/40490
1680	http://data.linkedmdb.org/resource/interlink/145301
1681	http://data.linkedmdb.org/resource/film/95541
1682	http://data.linkedmdb.org/resource/film/1773
1683	http://data.linkedmdb.org/resource/performance/192397
1684	http://data.linkedmdb.org/resource/film/44002
1685	http://data.linkedmdb.org/resource/performance/190508
1686	http://data.linkedmdb.org/resource/film/4344
1687	http://data.linkedmdb.org/resource/actor/31945
1688	http://data.linkedmdb.org/resource/interlink/38286
1689	http://data.linkedmdb.org/resource/interlink/139511
