0	http://dbpedia.org/resource/Richard_Mentor_Johnson
1	http://dbpedia.org/resource/Martin_Van_Buren
2	http://dbpedia.org/resource/Mortal_Kombat_Trilogy
3	http://dbpedia.org/resource/Avalanche_Software
4	http://dbpedia.org/resource/Love_Me_(Justin_Bieber_song)
5	http://dbpedia.org/resource/Electropop
6	http://dbpedia.org/resource/Crysis_2
7	http://dbpedia.org/resource/Single-player_video_game
8	http://dbpedia.org/resource/Friends
9	http://wifo5-03.informatik.uni-mannheim.de/flickrwrappr/photos/Friends
10	http://dbpedia.org/resource/Walt_Disney
11	http://dbpedia.org/resource/Ron_W._Miller
12	http://dbpedia.org/resource/Total_Recall_(1990_film)
13	http://dbpedia.org/resource/Jost_Vacano
14	http://dbpedia.org/resource/Joe_Biden
15	http://dbpedia.org/resource/Delaware
16	http://dbpedia.org/resource/Family_Feud
17	http://dbpedia.org/resource/FremantleMedia
18	http://dbpedia.org/resource/Mike_Turner
19	http://upload.wikimedia.org/wikipedia/commons/thumb/a/ac/Mike_Turner,_Official_Portrait,_c112th_Congress.jpg/200px-Mike_Turner,_Official_Portrait,_c112th_Congress.jpg
20	http://dbpedia.org/resource/Friedrich_Engel_(mathematician)
21	http://dbpedia.org/resource/University_of_Greifswald
22	http://dbpedia.org/resource/One_Less_Lonely_Girl
23	http://dbpedia.org/resource/Argo_(2012_film)
24	http://en.wikipedia.org/wiki/Argo_(2012_film)
25	http://dbpedia.org/resource/Baywatch
26	http://dbpedia.org/resource/Douglas_Schwartz
27	http://dbpedia.org/resource/England
28	http://dbpedia.org/resource/Parliament_of_the_United_Kingdom
29	http://dbpedia.org/resource/Score_Productions
30	http://dbpedia.org/resource/Knight_Rider_(1982_TV_series)
31	http://dbpedia.org/resource/Rebecca_Holden
32	http://dbpedia.org/resource/Beverly_Hills,_90210
33	http://dbpedia.org/resource/Melrose_Place
34	http://dbpedia.org/resource/Universal_Television
35	http://dbpedia.org/resource/Marie_Curie
36	http://dbpedia.org/resource/Polonium
37	http://dbpedia.org/resource/Disney_family
38	http://dbpedia.org/resource/Morton_Stevens
39	http://dbpedia.org/resource/Bill_Gates
40	http://dbpedia.org/resource/Forbes_list_of_billionaires
41	http://dbpedia.org/resource/Albert_Einstein
42	http://dbpedia.org/resource/German_Empire
43	http://dbpedia.org/resource/Barack_Obama
44	http://dbpedia.org/resource/White_House
45	http://dbpedia.org/resource/Yukon_River
46	http://dbpedia.org/resource/United_States
47	http://dbpedia.org/resource/Alan_Turing
48	http://en.wikipedia.org/wiki/Alan_Turing
49	http://dbpedia.org/resource/Seychelles
50	http://dbpedia.org/resource/Representative_democracy
51	http://dbpedia.org/resource/Joe_Biden__5
52	http://dbpedia.org/resource/Usain_Bolt
53	http://dbpedia.org/resource/2012_Summer_Olympics
54	http://dbpedia.org/resource/Vladimir_Putin
55	http://dbpedia.org/resource/Soviet_Union
56	http://dbpedia.org/resource/Presbyterianism
57	http://dbpedia.org/resource/Gene_Wood
58	http://dbpedia.org/resource/Texas
59	http://dbpedia.org/resource/Languages_of_Texas
60	http://dbpedia.org/resource/Candle_in_the_Wind
61	http://dbpedia.org/resource/Step_into_Christmas
62	http://dbpedia.org/resource/John_Napier
63	http://dbpedia.org/resource/Merchiston_Castle
64	http://dbpedia.org/resource/Robert_L._McHatton
65	http://dbpedia.org/resource/Crysis_(series)
66	http://dbpedia.org/resource/Edward_Teller
67	http://dbpedia.org/resource/Budapest
68	http://dbpedia.org/resource/Matt_LeBlanc
69	http://dbpedia.org/resource/Prime_Minister_of_the_United_Kingdom
70	http://dbpedia.org/resource/Joey_Fatone
71	http://dbpedia.org/resource/Radium
72	http://en.wikipedia.org/wiki/Baywatch
73	http://dbpedia.org/resource/Original_Sin_(2001_film)
74	http://en.wikipedia.org/wiki/Original_Sin_(2001_film)
75	http://dbpedia.org/resource/Lexus
76	http://dbpedia.org/resource/Automobile
77	http://dbpedia.org/resource/Republican_Party_(United_States)
78	http://dbpedia.org/resource/Bryan_Cranston
79	http://dbpedia.org/resource/Saint_Petersburg_State_University
80	http://dbpedia.org/resource/Merchiston_Tower
81	http://dbpedia.org/resource/Aladdin_(1992_Disney_film)
82	http://en.wikipedia.org/wiki/Aladdin_(1992_Disney_film)?oldid=548592936
83	http://dbpedia.org/resource/Poland
84	http://dbpedia.org/resource/Regional_language
85	http://dbpedia.org/resource/Benjamin_Franklin
86	http://dbpedia.org/resource/Deborah_Read
87	http://dbpedia.org/resource/The_Cosby_Show
88	http://dbpedia.org/resource/Carsey-Werner_Productions
89	http://dbpedia.org/resource/Berkshire_Hathaway
90	http://dbpedia.org/resource/Rice_University
91	http://dbpedia.org/resource/Association_of_American_Universities
92	http://dbpedia.org/resource/William_Franklin
93	http://dbpedia.org/resource/Amsterdam
94	http://dbpedia.org/resource/Maarten_van_Poelgeest
95	http://dbpedia.org/resource/Community_organizing
96	http://dbpedia.org/resource/Diane_Marie_Disney
97	http://dbpedia.org/resource/Action_(genre)
98	http://dbpedia.org/resource/Houston
99	http://dbpedia.org/resource/Joe_E._Tata
100	http://dbpedia.org/resource/Managing_director
101	http://en.wikipedia.org/wiki/Family_Feud
102	http://dbpedia.org/resource/Ann_Arbor,_Michigan
103	http://www.a2gov.org/
104	http://www.amsterdam.nl/
105	http://dbpedia.org/resource/Norway
106	http://dbpedia.org/resource/Red-Green_Coalition
107	http://dbpedia.org/resource/Code_of_Vengeance
108	http://dbpedia.org/resource/Vice_President
109	http://dbpedia.org/resource/John_Rowan_(politician)
110	http://dbpedia.org/resource/Mountain_Daylight_Time
111	http://dbpedia.org/resource/David_Hasselhoff
112	http://wifo5-03.informatik.uni-mannheim.de/flickrwrappr/photos/Argo_(2012_film)
113	http://dbpedia.org/resource/Dmitry_Medvedev
114	http://dbpedia.org/resource/Jonathan_Freeman_(actor)
115	http://dbpedia.org/resource/Barents_Sea
116	http://dbpedia.org/resource/Charles_Darwin
117	http://dbpedia.org/resource/Shropshire
118	http://dbpedia.org/resource/(What_Is)_Love%3F
119	http://dbpedia.org/resource/Wynter_Gordon
120	http://dbpedia.org/resource/Bill_Cosby
121	http://en.wikipedia.org/wiki/Crysis_2?oldid=548566038
122	http://dbpedia.org/resource/Alonzo_Church
123	http://dbpedia.org/resource/Engel's_theorem
124	http://dbpedia.org/resource/Mountain_Time_Zone
125	http://dbpedia.org/resource/Golden_Globe_Cecil_B._DeMille_Award
126	http://dbpedia.org/resource/GT_Interactive_Software
127	http://dbpedia.org/resource/Harvard_Law_School
128	http://dbpedia.org/resource/John_Dickinson_(politician)
129	http://dbpedia.org/resource/Kingston,_Jamaica
130	http://dbpedia.org/resource/Ferrari
131	http://dbpedia.org/resource/Luca_Cordero_di_Montezemolo
132	http://dbpedia.org/resource/Unitary_state
133	http://dbpedia.org/resource/George_Romanes
134	http://en.wikipedia.org/wiki/Friends
135	http://dbpedia.org/resource/Carol_Potter_(actress)
136	http://dbpedia.org/resource/Gregory_J._Bonann
137	http://dbpedia.org/resource/Cecil_B._DeMille_Award
138	http://dbpedia.org/resource/Cascade_Investment
139	http://dbpedia.org/resource/Czech_Republic
140	http://en.wikipedia.org/wiki/Czech_Republic?oldid=548486944
141	http://dbpedia.org/resource/Patricia_McPherson
142	http://dbpedia.org/resource/Rodrigo_Prieto
143	http://dbpedia.org/resource/Jamie_Walters
144	http://dbpedia.org/resource/Pound_sterling
145	http://en.wikipedia.org/wiki/Barack_Obama?oldid=548538288
146	http://en.wikipedia.org/wiki/Aladdin_(1992_Disney_film)
147	http://dbpedia.org/resource/Vanessa_Marcil
148	http://dbpedia.org/resource/Lexington_Broadcast_Services_Company
149	http://dbpedia.org/resource/Spelling_Television
150	http://dbpedia.org/resource/Aaron_Spelling
151	http://dbpedia.org/resource/University_of_Leipzig
152	http://dbpedia.org/resource/CryEngine
153	http://dbpedia.org/resource/Labour_Party_(Netherlands)
154	http://wifo5-03.informatik.uni-mannheim.de/flickrwrappr/photos/Usain_Bolt
155	http://dbpedia.org/resource/John_J._Crittenden
156	http://dbpedia.org/resource/Boris_Yeltsin
157	http://dbpedia.org/resource/Communist_Party_of_the_Soviet_Union
158	http://upload.wikimedia.org/wikipedia/commons/thumb/b/be/Flag_of_England.svg/200px-Flag_of_England.svg.png
159	http://dbpedia.org/resource/Carolco_Pictures
160	http://dbpedia.org/resource/British_nationality_law
161	http://dbpedia.org/resource/Austria-Hungary
162	http://upload.wikimedia.org/wikipedia/commons/thumb/3/38/Cosby_Show_-_Logo.png/200px-Cosby_Show_-_Logo.png
163	http://dbpedia.org/resource/Norwegian_krone
164	http://dbpedia.org/resource/Toyota
165	http://dbpedia.org/resource/Marcy_Carsey
166	http://dbpedia.org/resource/Fox_Broadcasting_Company
167	http://upload.wikimedia.org/wikipedia/commons/thumb/8/87/Annarborskyline.jpg/200px-Annarborskyline.jpg
168	http://dbpedia.org/resource/Agnosticism
169	http://dbpedia.org/resource/Parliament_of_the_Czech_Republic
170	http://en.wikipedia.org/wiki/Mike_Turner?oldid=548318013
171	http://dbpedia.org/resource/Optical_disc
172	http://upload.wikimedia.org/wikipedia/commons/thumb/9/92/Flag_of_the_Seychelles.svg/200px-Flag_of_the_Seychelles.svg.png
173	http://dbpedia.org/resource/Laureus_World_Sports_Award_for_Sportsman_of_the_Year
174	http://en.wikipedia.org/wiki/Total_Recall_(1990_film)?oldid=546465617
175	http://dbpedia.org/resource/Alan_Arkin
176	http://dbpedia.org/resource/Ed_Boon
177	http://dbpedia.org/resource/Henry_IV_of_France
178	http://en.wikipedia.org/wiki/Henry_IV_of_France?oldid=548593386
179	http://wifo5-03.informatik.uni-mannheim.de/flickrwrappr/photos/Knight_Rider_(1982_TV_series)
180	http://dbpedia.org/resource/Metro-Goldwyn-Mayer
181	http://dbpedia.org/resource/Terry_Rossio
182	http://dbpedia.org/resource/Capital_(political)
183	http://dbpedia.org/resource/Academy_Award
184	http://dbpedia.org/resource/Automotive_industry
185	http://en.wikipedia.org/wiki/John_Napier?oldid=547490259
186	http://dbpedia.org/resource/President_of_Russia
187	http://dbpedia.org/resource/Jesse_Helms
188	http://dbpedia.org/resource/Family_of_Barack_Obama
189	http://dbpedia.org/resource/Central_European_Time
190	http://dbpedia.org/resource/Nile
191	http://dbpedia.org/resource/White_Nile
192	http://dbpedia.org/resource/Never_Let_You_Go_(Justin_Bieber_song)
193	http://dbpedia.org/resource/Atlanta
194	http://en.wikipedia.org/wiki/(What_Is)_Love%3F
195	http://dbpedia.org/resource/First-person_shooter
196	http://dbpedia.org/resource/Manchester_City_F.C.
197	http://en.wikipedia.org/wiki/Manchester_City_F.C.
198	http://dbpedia.org/resource/IAAF_World_Athlete_of_the_Year
199	http://dbpedia.org/resource/Orrin_Hatch
200	http://dbpedia.org/resource/Robin_Williams
201	http://dbpedia.org/resource/Bruce_Lee
202	http://dbpedia.org/resource/Kowloon
203	http://dbpedia.org/resource/Cancellation_(television)
204	http://en.wikipedia.org/wiki/Texas?oldid=547668601
205	http://dbpedia.org/resource/Antonio_Banderas
206	http://upload.wikimedia.org/wikipedia/commons/thumb/6/66/Einstein_1921_by_F_Schmutzer.jpg/200px-Einstein_1921_by_F_Schmutzer.jpg
207	http://dbpedia.org/resource/Case_Western_Reserve_University
208	http://dbpedia.org/resource/Promotional_recording
209	http://dbpedia.org/resource/Nile__mouthPosition__1
210	http://dbpedia.org/resource/Lindsay_Price
211	http://dbpedia.org/resource/Giessen
212	http://dbpedia.org/resource/List_of_U.S._states_by_date_of_statehood
213	http://dbpedia.org/resource/NBC_Studios_(New_York)
214	http://dbpedia.org/resource/Justin_Bieber
215	http://dbpedia.org/resource/Scotland
216	http://dbpedia.org/resource/NBC
217	http://dbpedia.org/resource/Mathematics
218	http://dbpedia.org/resource/NBCUniversal_Television_Distribution
219	http://dbpedia.org/resource/Mikhail_Kasyanov
220	http://dbpedia.org/resource/Gulf_of_Mexico
221	http://dbpedia.org/resource/J%C3%A9r%C3%A9my_H%C3%A9lan
222	http://upload.wikimedia.org/wikipedia/commons/thumb/5/58/Aladdinposter.jpg/200px-Aladdinposter.jpg
223	http://dbpedia.org/resource/National_Collegiate_Athletic_Association
224	http://dbpedia.org/resource/Game_show
225	http://dbpedia.org/resource/Jack_Thompson
226	http://dbpedia.org/resource/International_Narcotics_Control_Caucus
227	http://dbpedia.org/resource/Reign_of_Fire_(film)
228	http://dbpedia.org/resource/Rob_Bowman_(filmmaker)
229	http://dbpedia.org/resource/Common_descent
230	http://www.1911encyclopedia.com/Amsterdam%2C_Holland
231	http://upload.wikimedia.org/wikipedia/commons/thumb/f/f7/Flag_of_Texas.svg/200px-Flag_of_Texas.svg.png
232	http://dbpedia.org/resource/Marc_Breslow
233	http://dbpedia.org/resource/Linda_Larkin
234	http://dbpedia.org/resource/WMS_Industries
235	http://dbpedia.org/resource/Luke_Perry
236	http://upload.wikimedia.org/wikipedia/commons/3/31/Knightlogo.png
237	http://dbpedia.org/resource/Crytek
238	http://dbpedia.org/resource/Occidental_College
239	http://dbpedia.org/resource/Kingdom_of_W%C3%BCrttemberg
240	http://dbpedia.org/resource/Edward_Mulhare
241	http://dbpedia.org/resource/Bronis%C5%82aw_Komorowski
242	http://dbpedia.org/resource/Maicon_(footballer_born_1981)
243	http://dbpedia.org/resource/German_Confederation
244	http://dbpedia.org/resource/Frank_Welker
245	http://dbpedia.org/resource/The_Rembrandts
246	http://dbpedia.org/resource/Roque_Santa_Cruz
247	http://dbpedia.org/resource/Henry_III_of_France
248	http://dbpedia.org/resource/Denver,_Colorado
249	http://en.wikipedia.org/wiki/The_Cosby_Show?oldid=548377159
250	http://dbpedia.org/resource/Lugau
251	http://dbpedia.org/resource/Matthew_Perry
252	http://dbpedia.org/resource/Ohio
253	http://dbpedia.org/resource/John_Dickinson_(Pennsylvania_and_Delaware)
254	http://dbpedia.org/resource/Trelawny_Parish
255	http://dbpedia.org/resource/Ted_Kaufman
256	http://dbpedia.org/resource/FremantleMedia_Enterprises
257	http://dbpedia.org/resource/Terence_Blanchard
258	http://dbpedia.org/resource/Dayton,_Ohio
259	http://dbpedia.org/resource/Joseph_Desha
260	http://dbpedia.org/resource/Engel_group
261	http://dbpedia.org/resource/Engel_expansion
262	http://dbpedia.org/resource/Cryptanalysis
263	http://dbpedia.org/resource/James_Eckhouse
264	http://dbpedia.org/resource/Marie_de'_Medici
265	http://dbpedia.org/resource/Church_of_Norway
266	http://dbpedia.org/resource/Radioactivity
267	http://dbpedia.org/resource/World_Meteorological_Organization
268	http://dbpedia.org/resource/Phylicia_Rash%C4%81d
269	http://dbpedia.org/resource/Robin_Gandy
270	http://dbpedia.org/resource/British_Hong_Kong
271	http://dbpedia.org/resource/Physics
272	http://en.wikipedia.org/wiki/England?oldid=548583105
273	http://dbpedia.org/resource/List_of_Presidents_of_Seychelles
274	http://dbpedia.org/resource/Tribune_Entertainment
275	http://en.wikipedia.org/wiki/Never_Let_You_Go_(Justin_Bieber_song)?oldid=546879486
276	http://dbpedia.org/resource/Xbox_360
277	http://dbpedia.org/resource/Eiji_Toyoda
278	http://dbpedia.org/resource/Jennie_Garth
279	http://dbpedia.org/resource/Turing_Award
280	http://dbpedia.org/resource/University_of_Paris
281	http://dbpedia.org/resource/Down_House
282	http://en.wikipedia.org/wiki/Marie_Curie
283	http://dbpedia.org/resource/Island_Def_Jam_Music_Group
284	http://dbpedia.org/resource/Khartoum
285	http://dbpedia.org/resource/David_Dewhurst
286	http://dbpedia.org/resource/John_Herschel
287	http://dbpedia.org/resource/Division_I_(NCAA)
288	http://dbpedia.org/resource/South_Sudan
289	http://dbpedia.org/resource/+44
290	http://dbpedia.org/resource/British_Citizenship
291	http://www.umcs.lublin.pl/articles.php?aid=1113
292	http://dbpedia.org/resource/City_of_Manchester_Stadium
293	http://dbpedia.org/resource/.uk
294	http://dbpedia.org/resource/Ashok_Amritraj
295	http://upload.wikimedia.org/wikipedia/commons/5/51/BruceLeecard.jpg
296	http://dbpedia.org/resource/Bernie_Taupin
297	http://upload.wikimedia.org/wikipedia/commons/thumb/c/c8/Alan_Turing_photo.jpg/200px-Alan_Turing_photo.jpg
298	http://dbpedia.org/resource/Piero_Ferrari
299	http://dbpedia.org/resource/Petr_Ne%C4%8Das
300	http://dbpedia.org/resource/Kashubian_language
301	http://dbpedia.org/resource/Rob_Bowman_(director)
302	http://dbpedia.org/resource/Malcolm-Jamal_Warner
303	http://dbpedia.org/resource/Yaya_Tour%C3%A9
304	http://dbpedia.org/resource/American_Broadcasting_Company
305	http://dbpedia.org/resource/First_Dance_(song)
306	http://dbpedia.org/resource/Agnostic
307	http://dbpedia.org/resource/Joleon_Lescott
308	http://dbpedia.org/resource/DJM_Records
309	http://dbpedia.org/resource/Russian_Orthodox
310	http://warnervideo.com/friends15/
311	http://dbpedia.org/resource/Michael_Berk
312	http://dbpedia.org/resource/Michigan
313	http://dbpedia.org/resource/Online_distribution
314	http://en.wikipedia.org/wiki/Reign_of_Fire_(film)
315	http://en.wikipedia.org/wiki/Yukon_River
316	http://en.wikipedia.org/wiki/Mortal_Kombat_Trilogy
317	http://dbpedia.org/resource/Multiplayer_video_game
318	http://upload.wikimedia.org/wikipedia/commons/3/38/HenriIV.jpg
319	http://wifo5-03.informatik.uni-mannheim.de/flickrwrappr/photos/Crysis_2
320	http://dbpedia.org/resource/Alan_Menken
321	http://dbpedia.org/resource/Milo%C5%A1_Zeman
322	http://dbpedia.org/resource/George_M._Bibb
323	http://dbpedia.org/resource/Synthpop
324	http://dbpedia.org/resource/List_of_college_dropout_billionaires
325	http://dbpedia.org/resource/Tom_Werner
326	http://dbpedia.org/resource/Khaldoon_Al_Mubarak
327	http://dbpedia.org/resource/English_language
328	http://dbpedia.org/resource/Viktor_Zubkov
329	http://dbpedia.org/resource/Mary_Maxwell_Gates
330	http://dbpedia.org/resource/Geological_Society_of_London
331	http://en.wikipedia.org/wiki/Edward_Teller?oldid=548510106
332	http://dbpedia.org/resource/Atlantic_Ocean
333	http://dbpedia.org/resource/Jeanne_III_of_Navarre
334	http://dbpedia.org/resource/Joe_Biden__2
335	http://dbpedia.org/resource/Central_Daylight_Time
336	http://dbpedia.org/resource/Co-Prince_of_Andorra
337	http://dbpedia.org/resource/The_Chemical_Basis_of_Morphogenesis
338	http://dbpedia.org/resource/Captain_(association_football)
339	http://wifo5-03.informatik.uni-mannheim.de/flickrwrappr/photos/Friedrich_Engel_(mathematician)
340	http://www.brucelee.com/
341	http://dbpedia.org/resource/Central_European_Summer_Time
342	http://upload.wikimedia.org/wikipedia/commons/9/96/Resized_justin_bieber_love_me_cover.jpg
343	http://dbpedia.org/resource/Washington_(state)
344	http://dbpedia.org/resource/Switzerland
345	http://upload.wikimedia.org/wikipedia/commons/3/33/Usain_Bolt_2012_Olympics_1.jpg
346	http://dbpedia.org/resource/Georgia_Department_of_Economic_Development
347	http://dbpedia.org/resource/The_Honourable
348	http://dbpedia.org/resource/Texas_Legislature
349	http://dbpedia.org/resource/Copley_Medal
350	http://dbpedia.org/resource/USA
351	http://www.rice.edu/
352	http://dbpedia.org/resource/Paul_Alter
353	http://upload.wikimedia.org/wikipedia/commons/thumb/8/86/Friends_titles.jpg/200px-Friends_titles.jpg
354	http://dbpedia.org/resource/Lake_View_Cemetery_(Seattle)
355	http://dbpedia.org/resource/Hong_Kong
356	http://dbpedia.org/resource/Randstad
357	http://dbpedia.org/resource/Saint_Petersburg
358	http://dbpedia.org/resource/ESPCI_ParisTech
359	http://dbpedia.org/resource/Flora_Call_Disney
360	http://en.wikipedia.org/wiki/Bruce_Lee?oldid=548585344
361	http://dbpedia.org/resource/Gerard_Butler
362	http://dbpedia.org/resource/Sheikh
363	http://eng.putin.kremlin.ru/
364	http://dbpedia.org/resource/Brandon_Lee
365	http://dbpedia.org/resource/The_Mount,_Shrewsbury
366	http://dbpedia.org/resource/Vincent_Young_(actor)
367	http://dbpedia.org/resource/Elton_John
368	http://dbpedia.org/resource/Love%3F
369	http://dbpedia.org/resource/Texas_House_of_Representatives
370	http://dbpedia.org/resource/Gilbert_Gottfried
371	http://dbpedia.org/resource/Kentucky
372	http://dbpedia.org/resource/Viacom_Enterprises
373	http://en.wikipedia.org/wiki/Benjamin_Franklin?oldid=547636908
374	http://dbpedia.org/resource/TriStar_Pictures
375	http://dbpedia.org/resource/Richard_K._Morgan
376	http://dbpedia.org/resource/Automatic_Computing_Engine
377	http://dbpedia.org/resource/Action_(fiction)
378	http://dbpedia.org/resource/Mark_Damon_Espinoza
379	http://wifo5-03.informatik.uni-mannheim.de/flickrwrappr/photos/Charles_Darwin
380	http://dbpedia.org/resource/John_Hieftje
381	http://dbpedia.org/resource/Cornish_language
382	http://dbpedia.org/resource/Juba
383	http://dbpedia.org/resource/Dolby_Surround
384	http://dbpedia.org/resource/William_Goldenberg
385	http://dbpedia.org/resource/Monaural
386	http://dbpedia.org/resource/Hydrogen_bomb
387	http://dbpedia.org/resource/Roy_O._Disney
388	http://dbpedia.org/resource/DJ_Frank_E
389	http://dbpedia.org/resource/Physicist
390	http://dbpedia.org/resource/Battle_of_the_Thames
391	http://dbpedia.org/resource/Michael_Cristofer
392	http://upload.wikimedia.org/wikipedia/commons/a/a1/Crysis_2_cover.png
393	http://upload.wikimedia.org/wikipedia/commons/8/86/Friends_titles.jpg
394	http://dbpedia.org/resource/Sabrina_Le_Beauf
395	http://dbpedia.org/resource/Wade_Hampton_Census_Area,_Alaska
396	http://dbpedia.org/resource/Thomas_Jane
397	http://dbpedia.org/resource/NBC_Studios
398	http://dbpedia.org/resource/Baptists
399	http://dbpedia.org/resource/Jamaica
400	http://dbpedia.org/resource/Antoine_of_Navarre
401	http://dbpedia.org/resource/Ferran_Soriano
402	http://dbpedia.org/resource/Ryan_McGivern_(footballer)
403	http://en.wikipedia.org/wiki/Rice_University?oldid=546640179
404	http://dbpedia.org/resource/CBS
405	http://dbpedia.org/resource/John_Kerry
406	http://dbpedia.org/resource/List_of_postal_codes_in_the_Netherlands
407	http://upload.wikimedia.org/wikipedia/commons/thumb/5/51/BruceLeecard.jpg/200px-BruceLeecard.jpg
408	http://dbpedia.org/resource/Thom_Noble
409	http://dbpedia.org/resource/Seychellois_rupee
410	http://dbpedia.org/resource/Co-Princes_of_Andorra
411	http://dbpedia.org/resource/Uganda
412	http://dbpedia.org/resource/Polish_language
413	http://dbpedia.org/resource/Isaac_Norris_(statesman)
414	http://upload.wikimedia.org/wikipedia/commons/thumb/e/e3/John_Napier.jpg/200px-John_Napier.jpg
415	http://dbpedia.org/resource/Walt_Disney_Animation_Studios
416	http://dbpedia.org/resource/Sasha_Obama
417	http://dbpedia.org/resource/The_Island_Def_Jam_Music_Group
418	http://dbpedia.org/resource/Scott_Sinclair
419	http://dbpedia.org/resource/Thomas_Mifflin
420	http://dbpedia.org/resource/Richard_Karn
421	http://upload.wikimedia.org/wikipedia/commons/thumb/8/82/90210Logo.jpg/200px-90210Logo.jpg
422	http://dbpedia.org/resource/Stanford,_California
423	http://dbpedia.org/resource/North_Sea
424	http://dbpedia.org/resource/My_World_2.0
425	http://dbpedia.org/resource/Igor_Shuvalov
426	http://upload.wikimedia.org/wikipedia/commons/thumb/8/8d/President_Barack_Obama.jpg/200px-President_Barack_Obama.jpg
427	http://dbpedia.org/resource/Alexandre_Desplat
428	http://dbpedia.org/resource/Lyudmila_Putina
429	http://dbpedia.org/resource/Adam_Sedgwick
430	http://upload.wikimedia.org/wikipedia/commons/5/54/Neverletyougocover.jpg
431	http://dbpedia.org/resource/Kingdom_of_Navarre
432	http://dbpedia.org/resource/Ed._Weinberger
433	http://dbpedia.org/resource/Eric_Wiebes
434	http://dbpedia.org/resource/Paramount_Domestic_Television
435	http://dbpedia.org/resource/Broadcast_syndication
436	http://dbpedia.org/resource/Amsterdam_Nieuw-West
437	http://dbpedia.org/resource/Hans_Zimmer
438	http://dbpedia.org/resource/Paul_Verhoeven
439	http://dbpedia.org/resource/Eberhard_van_der_Laan
440	http://dbpedia.org/resource/Unified_Sports_Classification_System_of_the_USSR_and_Russia
441	http://dbpedia.org/resource/King's_College,_Cambridge
442	http://dbpedia.org/resource/Texas_Senate
443	http://dbpedia.org/resource/Private_university
444	http://upload.wikimedia.org/wikipedia/commons/thumb/9/96/Resized_justin_bieber_love_me_cover.jpg/200px-Resized_justin_bieber_love_me_cover.jpg
445	http://dbpedia.org/resource/Richard_Bache
446	http://dbpedia.org/resource/Mathematician
447	http://dbpedia.org/resource/Ron_Clements
448	http://dbpedia.org/resource/Italy
449	http://dbpedia.org/resource/Bennie_and_the_Jets
450	http://dbpedia.org/resource/Crytek_UK
451	http://www.mcfc.co.uk/
452	http://wifo5-03.informatik.uni-mannheim.de/flickrwrappr/photos/Benjamin_Franklin
453	http://www.henri4.culture.fr/index.php?lang=en&module=uc&fichier=00#/en/uc/00
454	http://dbpedia.org/resource/William_Daniels
455	http://dbpedia.org/resource/Videotape
456	http://dbpedia.org/resource/John_Tyler
457	http://dbpedia.org/resource/Sergei_Stepashin
458	http://dbpedia.org/resource/PlayStation_(console)
459	http://dbpedia.org/resource/Sharon_Mae_Disney
460	http://dbpedia.org/resource/Marguerite_Perey
461	http://dbpedia.org/resource/Spyglass_Entertainment
462	http://dbpedia.org/resource/Microsoft
463	http://dbpedia.org/resource/List_of_French_monarchs
464	http://dbpedia.org/resource/Stereophonic_sound
465	http://dbpedia.org/resource/Debmar-Mercury
466	http://wifo5-03.informatik.uni-mannheim.de/flickrwrappr/photos/Yukon_River
467	http://dbpedia.org/resource/Alaska
468	http://dbpedia.org/resource/Hungarian_American
469	http://dbpedia.org/resource/Courteney_Cox
470	http://dbpedia.org/resource/Baden-W%C3%BCrttemberg
471	http://dbpedia.org/resource/Cairo
472	http://dbpedia.org/resource/Rachel_Ticotin
473	http://dbpedia.org/resource/CBS_Paramount_Domestic_Television
474	http://dbpedia.org/resource/History_of_the_Czech_Lands
475	http://dbpedia.org/resource/Island_Records
476	http://dbpedia.org/resource/Emmy_Award
477	http://dbpedia.org/resource/Sancellemoz
478	http://dbpedia.org/resource/Pennsylvania
479	http://dbpedia.org/resource/.pl
480	http://dbpedia.org/resource/John_Musker
481	http://dbpedia.org/resource/Erika_Alexander
482	http://upload.wikimedia.org/wikipedia/commons/thumb/0/07/Elton_John_-_Candle_in_the_Wind_(1986).jpg/200px-Elton_John_-_Candle_in_the_Wind_(1986).jpg
483	http://dbpedia.org/resource/BBC_Overseas_Sports_Personality_of_the_Year
484	http://dbpedia.org/resource/Javi_Garc%C3%ADa
485	http://dbpedia.org/resource/Thermonuclear_weapon
486	http://dbpedia.org/resource/Russia
487	http://en.wikipedia.org/wiki/Norway?oldid=547313779
488	http://dbpedia.org/resource/Atlin_Lake
489	http://dbpedia.org/resource/Cornell_Woolrich
490	http://dbpedia.org/resource/Harvey_Prize
491	http://upload.wikimedia.org/wikipedia/commons/f/fb/Original_sin_poster.jpg
492	http://www.twitter.com/joebiden/
493	http://en.wikipedia.org/wiki/England
494	http://wifo5-03.informatik.uni-mannheim.de/flickrwrappr/photos/Love_Me_(Justin_Bieber_song)
495	http://dbpedia.org/resource/John_Rowan_(Kentucky)
496	http://www.scottishfootballmuseum.org.uk/scottish_football.cfm?curpageid=688
497	http://dbpedia.org/resource/Music_download
498	http://dbpedia.org/resource/Telephone_numbers_in_Seychelles
499	http://dbpedia.org/resource/Demonym
500	http://dbpedia.org/resource/Viscounts_of_B%C3%A9arn
501	http://dbpedia.org/resource/Louis_XIII_of_France
502	http://dbpedia.org/resource/Gary_Goldman_(screenwriter)
503	http://dbpedia.org/resource/List_of_Navarrese_monarchs
504	http://en.wikipedia.org/wiki/Family_Feud?oldid=548121320
505	http://dbpedia.org/resource/United_Kingdom_of_Great_Britain_and_Ireland
506	http://www.justinbiebermusic.com/
507	http://dbpedia.org/resource/Lincoln_Wolfenstein
508	http://dbpedia.org/resource/Monarchy_of_Norway
509	http://dbpedia.org/resource/Fellow_of_the_Royal_Society
510	http://dbpedia.org/resource/Worldvision_Enterprises
511	http://dbpedia.org/resource/Seattle
512	http://dbpedia.org/resource/William_H._Gates,_Sr.
513	http://dbpedia.org/resource/The_Walt_Disney_Company
514	http://dbpedia.org/resource/Michael_J._Leeson
515	http://dbpedia.org/resource/Gabrielle_Carteris
516	http://dbpedia.org/resource/Abdul_Razak_(footballer)
517	http://dbpedia.org/resource/Raven-Symon%C3%A9
518	http://dbpedia.org/resource/KGB
519	http://dbpedia.org/resource/North_Holland
520	http://dbpedia.org/resource/Luca_Scapuzzi
521	http://dbpedia.org/resource/George_Clooney
522	http://dbpedia.org/resource/Sunset_Bronson_Studios
523	http://wifo5-03.informatik.uni-mannheim.de/flickrwrappr/photos/Mike_Turner
524	http://dbpedia.org/resource/All_American_Television
525	http://dbpedia.org/resource/Teen_Island
526	http://upload.wikimedia.org/wikipedia/commons/thumb/3/31/Knightlogo.png/200px-Knightlogo.png
527	http://dbpedia.org/resource/Maicon_Sisenando
528	http://dbpedia.org/resource/Bernie_Kukoff
529	http://eng.putin.kremlin.ru
530	http://dbpedia.org/resource/Chief_executive_officer
531	http://upload.wikimedia.org/wikipedia/commons/thumb/6/64/Biden_2013.jpg/200px-Biden_2013.jpg
532	http://dbpedia.org/resource/Engel_theorem
533	http://dbpedia.org/resource/Contemporary_R&B
534	http://dbpedia.org/resource/Marcos_Lopes
535	http://dbpedia.org/resource/Presbyterian
536	http://dbpedia.org/resource/Transylvania_University
537	http://dbpedia.org/resource/Illinois
538	http://dbpedia.org/resource/Track_and_field
539	http://dbpedia.org/resource/Emma_Darwin
540	http://dbpedia.org/resource/Nagoya
541	http://dbpedia.org/resource/Robert_P._Letcher
542	http://dbpedia.org/resource/Fist_of_Fury
543	http://dbpedia.org/resource/Czech_language
544	http://dbpedia.org/resource/William_Logan_(Kentucky)
545	http://dbpedia.org/resource/Mansour_bin_Zayed_Al_Nahyan
546	http://dbpedia.org/resource/Oslo
547	http://dbpedia.org/resource/John_Cornyn
548	http://dbpedia.org/resource/San_Francisco
549	http://dbpedia.org/resource/Sitcom
550	http://dbpedia.org/resource/Kathleen_Robertson
551	http://dbpedia.org/resource/Tore_Schei
552	http://dbpedia.org/resource/Albret
553	http://dbpedia.org/resource/David_Leebron
554	http://dbpedia.org/resource/Samir_Nasri
555	http://dbpedia.org/resource/Warsaw
556	http://dbpedia.org/resource/Cincinnati
557	http://dbpedia.org/resource/George_M._Dallas
558	http://dbpedia.org/resource/Council%E2%80%93manager_government
559	http://dbpedia.org/resource/Prime_Minister_of_Poland
560	http://dbpedia.org/resource/Point_of_View,_Inc.
561	http://dbpedia.org/resource/Financial_services
562	http://dbpedia.org/resource/Barack_Obama__2
563	http://dbpedia.org/resource/London
564	http://www.lexus-global.com/
565	http://dbpedia.org/resource/Hilary_Swank
566	http://dbpedia.org/resource/Rhine_McLin
567	http://dbpedia.org/resource/Oklahoma
568	http://dbpedia.org/resource/Peter_Svensson
569	http://dbpedia.org/resource/List_of_schools_in_Chicago_Public_Schools
570	http://wifo5-03.informatik.uni-mannheim.de/flickrwrappr/photos/The_Cosby_Show
571	http://dbpedia.org/resource/Anatoly_Rahlin
572	http://www.baywatch.com
573	http://dbpedia.org/resource/Yukon_River__sourcePosition__1
574	http://upload.wikimedia.org/wikipedia/commons/2/2b/Nile_watershed_topo.png
575	http://dbpedia.org/resource/Johnt%C3%A1_Austin
576	http://dbpedia.org/resource/SoftBank
577	http://dbpedia.org/resource/J._Caleb_Boggs
578	http://dbpedia.org/resource/Natural_history
579	http://dbpedia.org/resource/Jinja,_Uganda
580	http://upload.wikimedia.org/wikipedia/commons/e/ef/EdwardTeller1958_fewer_smudges.jpg
581	http://dbpedia.org/resource/Democratic_Party_(United_States)
582	http://dbpedia.org/resource/Lillian_Disney
583	http://dbpedia.org/resource/John_Guidetti
584	http://dbpedia.org/resource/Richard_D._Zanuck
585	http://dbpedia.org/resource/Texan
586	http://dbpedia.org/resource/Angelina_Jolie
587	http://dbpedia.org/resource/Lisa_Bonet
588	http://dbpedia.org/resource/Shannen_Doherty
589	http://dbpedia.org/resource/Mad_at_Gravity
590	http://dbpedia.org/resource/Allee_Willis
591	http://dbpedia.org/resource/Catholic_Church
592	http://dbpedia.org/resource/Chicago
593	http://dbpedia.org/resource/Frank_J._Urioste
594	http://dbpedia.org/resource/Eastern_Daylight_Time
595	http://dbpedia.org/resource/United_States_Senate_Committee_on_Foreign_Relations
596	http://dbpedia.org/resource/Ronald_Shusett
597	http://dbpedia.org/resource/Eric_van_der_Burg
598	http://dbpedia.org/resource/Louie_Anderson
599	http://dbpedia.org/resource/William_Wright_Southgate
600	http://dbpedia.org/resource/Lexus_F
601	http://dbpedia.org/resource/Austin,_Texas
602	http://dbpedia.org/resource/Canada
603	http://dbpedia.org/resource/Daniel_Cosgrove
604	http://dbpedia.org/resource/History_of_Poland_(1989%E2%80%93present)
605	http://dbpedia.org/resource/Lawyer
606	http://dbpedia.org/resource/United_Russia
607	http://dbpedia.org/resource/Andrew_G._Vajna
608	http://dbpedia.org/resource/Janet_Leahy
609	http://dbpedia.org/resource/Order_of_the_British_Empire
610	http://dbpedia.org/resource/Germany
611	http://dbpedia.org/resource/Author
612	http://dbpedia.org/resource/Elias_Disney
613	http://dbpedia.org/resource/Telephone_numbers_in_Norway
614	http://dbpedia.org/resource/Congress_Poland
615	http://dbpedia.org/resource/The_Prospect_Studios
616	http://dbpedia.org/resource/Christian_Bale
617	http://dbpedia.org/resource/Official_language
618	http://dbpedia.org/resource/Adventure_fiction
619	http://dbpedia.org/resource/David_Schwimmer
620	http://dbpedia.org/resource/Ted_Elliott
621	http://upload.wikimedia.org/wikipedia/commons/thumb/e/e1/Argo2012Poster.jpg/200px-Argo2012Poster.jpg
622	http://upload.wikimedia.org/wikipedia/commons/thumb/2/2b/Nile_watershed_topo.png/200px-Nile_watershed_topo.png
623	http://dbpedia.org/resource/Federal_Security_Service_(Russia)
624	http://dbpedia.org/resource/Russian_Empire
625	http://dbpedia.org/resource/Pop_rock
626	http://dbpedia.org/resource/Norwegian_Sea
627	http://dbpedia.org/resource/Dan_O'Bannon
628	http://dbpedia.org/resource/Jerry_Goldsmith
629	http://dbpedia.org/resource/Jamaica_Sportsman_of_the_year
630	http://dbpedia.org/resource/Ben_Affleck
631	http://dbpedia.org/resource/Order_of_Jamaica
632	http://dbpedia.org/resource/Manchester
633	http://dbpedia.org/resource/Nintendo_64
634	http://dbpedia.org/resource/Gary_Barber
635	http://dbpedia.org/resource/Wollaston_Medal
636	http://dbpedia.org/resource/Warren_Buffett
637	http://en.wikipedia.org/wiki/John_Napier
638	http://dbpedia.org/resource/Edinburgh
639	http://dbpedia.org/resource/Joe_Hart
640	http://dbpedia.org/resource/U.S._television_science_fiction
641	http://dbpedia.org/resource/Adrian_Biddle
642	http://dbpedia.org/resource/Darren_Star
643	http://dbpedia.org/resource/Amsterdam-Zuid
644	http://upload.wikimedia.org/wikipedia/commons/thumb/f/fb/Original_sin_poster.jpg/200px-Original_sin_poster.jpg
645	http://dbpedia.org/resource/Vladimir_Putin__5
646	http://dbpedia.org/resource/Alexander_von_Humboldt
647	http://dbpedia.org/resource/Tanzania
648	http://dbpedia.org/resource/Princeton,_New_Jersey
649	http://dbpedia.org/resource/Parliamentary_republic
650	http://dbpedia.org/resource/Atlin_District
651	http://dbpedia.org/resource/Telephone_numbers_in_the_United_Kingdom
652	http://dbpedia.org/resource/Decimal_point
653	http://dbpedia.org/resource/Leipzig_University
654	http://dbpedia.org/resource/Marta_Kauffman
655	http://dbpedia.org/resource/Nina_Persson
656	http://dbpedia.org/resource/Matt_Greenberg
657	http://dbpedia.org/resource/Royal_Society
658	http://www.billcosby.com/
659	http://dbpedia.org/resource/Charles_Biddle
660	http://dbpedia.org/resource/Charles_Critchfield
661	http://dbpedia.org/resource/Roy_E._Disney
662	http://dbpedia.org/resource/Edward_Shearmur
663	http://en.wikipedia.org/wiki/Norway
664	http://dbpedia.org/resource/Democratic_Republic_of_the_Congo
665	http://dbpedia.org/resource/Bright/Kauffman/Crane_Productions
666	http://dbpedia.org/resource/City_manager
667	http://upload.wikimedia.org/wikipedia/commons/thumb/6/68/Baywatch_logo.jpg/200px-Baywatch_logo.jpg
668	http://dbpedia.org/resource/University_of_Dayton
669	http://dbpedia.org/resource/Henri_Becquerel
670	http://dbpedia.org/resource/Hawaii
671	http://en.wikipedia.org/wiki/Walt_Disney
672	http://dbpedia.org/resource/Felix_Klein
673	http://dbpedia.org/resource/Trelawny_Parish,_Jamaica
674	http://dbpedia.org/resource/%C3%93scar_Moreno
675	http://upload.wikimedia.org/wikipedia/commons/c/cc/BenFranklinDuplessis.jpg
676	http://dbpedia.org/resource/Czech_koruna
677	http://dbpedia.org/resource/Province_of_Massachusetts_Bay
678	http://dbpedia.org/resource/Bering_Sea
679	http://dbpedia.org/resource/Columbia_University
680	http://dbpedia.org/resource/Mountain_Standard_Time
681	http://wifo5-03.informatik.uni-mannheim.de/flickrwrappr/photos/Seychelles
682	http://dbpedia.org/resource/Cryptanalysis_of_the_Enigma
683	http://dbpedia.org/resource/Melrose_Place_(2009_TV_series)
684	http://dbpedia.org/resource/Denise_Di_Novi
685	http://dbpedia.org/resource/Overboard_(song)
686	http://dbpedia.org/resource/Joint-stock_company
687	http://dbpedia.org/resource/Eastern_Time_Zone
688	http://dbpedia.org/resource/Joe_Biden__4
689	http://dbpedia.org/resource/Turing_machine
690	http://dbpedia.org/resource/Roger_Birnbaum
691	http://dbpedia.org/resource/Glen_A._Larson
692	http://dbpedia.org/resource/J._C._Penney
693	http://dbpedia.org/resource/Ron_Johnson_(businessman)
694	http://dbpedia.org/resource/Glam_rock
695	http://upload.wikimedia.org/wikipedia/commons/d/d1/Lexus_division_emblem.svg
696	http://dbpedia.org/resource/John_Tobias
697	http://www.jcpenney.com/
698	http://en.wikipedia.org/wiki/Henry_IV_of_France
699	http://dbpedia.org/resource/Danny_Faure
700	http://dbpedia.org/resource/Abraham_Plessner
701	http://en.wikipedia.org/wiki/(What_Is)_Love%3F?oldid=548247540
702	http://dbpedia.org/resource/Tony_P._Hall
703	http://dbpedia.org/resource/Burbank,_California
704	http://dbpedia.org/resource/John_Stevens_Henslow
705	http://dbpedia.org/resource/Kingdom_of_Bohemia
706	http://dbpedia.org/resource/Thomas_Henry_Huxley
707	http://en.wikipedia.org/wiki/Knight_Rider_(1982_TV_series)?oldid=544395569
708	http://dbpedia.org/resource/Public_company
709	http://dbpedia.org/resource/Izabella_Scorupco
710	http://dbpedia.org/resource/Old_Warner_Brothers_Studio
711	http://dbpedia.org/resource/David_Cronenberg
712	http://dbpedia.org/resource/A_Different_World
713	http://en.wikipedia.org/wiki/Charles_Darwin?oldid=547325692
714	http://wifo5-03.informatik.uni-mannheim.de/flickrwrappr/photos/Baywatch
715	http://upload.wikimedia.org/wikipedia/commons/f/f9/Total_recall.jpg
716	http://dbpedia.org/resource/Royal_Medal
717	http://wifo5-03.informatik.uni-mannheim.de/flickrwrappr/photos/Poland
718	http://dbpedia.org/resource/CryEngine_3
719	http://dbpedia.org/resource/GT_Interactive
720	http://dbpedia.org/resource/Carolien_Gehrels
721	http://dbpedia.org/resource/William_Brown_(congressman)
722	http://dbpedia.org/resource/Richard_Basehart
723	http://dbpedia.org/resource/Eduard_Einstein
724	http://dbpedia.org/resource/Wethouder
725	http://dbpedia.org/resource/Amsterdam_(VOC_ship)
726	http://dbpedia.org/resource/Netherlands
727	http://en.wikipedia.org/wiki/Lexus
728	http://dbpedia.org/resource/480i
729	http://dbpedia.org/resource/Our_Home_%E2%80%93_Russia
730	http://upload.wikimedia.org/wikipedia/commons/thumb/7/77/FamilyFeud2007Logo.png/200px-FamilyFeud2007Logo.png
731	http://dbpedia.org/resource/Soap_opera
732	http://dbpedia.org/resource/Aleksandar_Kolarov
733	http://en.wikipedia.org/wiki/Richard_Mentor_Johnson?oldid=547019771
734	http://dbpedia.org/resource/I'll_Be_There_for_You_(The_Rembrandts_song)
735	http://dbpedia.org/resource/Goodbye_Yellow_Brick_Road
736	http://dbpedia.org/resource/The_Smeezingtons
737	http://dbpedia.org/resource/Bryan-Michael_Cox
738	http://dbpedia.org/resource/Chamber_of_Deputies_of_the_Parliament_of_the_Czech_Republic
739	http://dbpedia.org/resource/Microsoft_Windows
740	http://dbpedia.org/resource/Geoffrey_Owens
741	http://dbpedia.org/resource/George_McLendon
742	http://dbpedia.org/resource/History_of_Poland_(1918%E2%80%931939)
743	http://dbpedia.org/resource/Digital_distribution
744	http://dbpedia.org/resource/Republic_of_Ireland
745	http://dbpedia.org/resource/Joe_Biden__3
746	http://upload.wikimedia.org/wikipedia/commons/8/8a/JCPenney_2012_logo.svg
747	http://dbpedia.org/resource/Eastern_Time_Zone_(North_America)
748	http://dbpedia.org/resource/Best_International_Athlete_ESPY_Award
749	http://dbpedia.org/resource/Marshall_Rosenbluth
750	http://dbpedia.org/resource/John_Goodman
751	http://dbpedia.org/resource/Charles_Rosin
752	http://dbpedia.org/resource/Joey_(TV_series)
753	http://dbpedia.org/resource/Electronic_Arts
754	http://dbpedia.org/resource/Kingdom_of_Saxony
755	http://en.wikipedia.org/wiki/Original_Sin_(2001_film)?oldid=540251179
756	http://dbpedia.org/resource/Invasion_of_Poland
757	http://dbpedia.org/resource/Congress_of_the_Confederation
758	http://dbpedia.org/resource/City_Manager
759	http://dbpedia.org/resource/Single-camera_setup
760	http://dbpedia.org/resource/Stu_Phillips_(composer)
761	http://wifo5-03.informatik.uni-mannheim.de/flickrwrappr/photos/England
762	http://wifo5-03.informatik.uni-mannheim.de/flickrwrappr/photos/Nile
763	http://www.ferrari.com/
764	http://upload.wikimedia.org/wikipedia/commons/thumb/f/f9/Total_recall.jpg/200px-Total_recall.jpg
765	http://dbpedia.org/resource/Pierre_Curie
766	http://dbpedia.org/resource/David_Silva
767	http://dbpedia.org/resource/Monroe,_Michigan
768	http://dbpedia.org/resource/Ernst_Haeckel
769	http://wifo5-03.informatik.uni-mannheim.de/flickrwrappr/photos/Never_Let_You_Go_(Justin_Bieber_song)
770	http://en.wikipedia.org/wiki/Yukon_River?oldid=546352640
771	http://dbpedia.org/resource/List_of_counties_in_Michigan
772	http://dbpedia.org/resource/Jackson,_Michigan
773	http://dbpedia.org/resource/William_W._Southgate
774	http://dbpedia.org/resource/Congregational_church
775	http://dbpedia.org/resource/Halting_problem
776	http://dbpedia.org/resource/Warner_Bros.
777	http://upload.wikimedia.org/wikipedia/commons/thumb/5/54/Neverletyougocover.jpg/200px-Neverletyougocover.jpg
778	http://upload.wikimedia.org/wikipedia/commons/thumb/e/e9/Flag_of_Poland_(normative).svg/200px-Flag_of_Poland_(normative).svg.png
779	http://dbpedia.org/resource/Vladimir_Putin__3
780	http://dbpedia.org/resource/Walt_Disney__2
781	http://dbpedia.org/resource/Nile__sourcePosition__1
782	http://dbpedia.org/resource/Number_One_Observatory_Circle
783	http://dbpedia.org/resource/Kolo_Tour%C3%A9
784	http://dbpedia.org/resource/Officer_of_the_Order_of_the_British_Empire
785	http://dbpedia.org/resource/Mediterranean_Sea
786	http://dbpedia.org/resource/James_Cash_Penney
787	http://dbpedia.org/resource/Sega_Saturn
788	http://wifo5-03.informatik.uni-mannheim.de/flickrwrappr/photos/Manchester_City_F.C.
789	http://dbpedia.org/resource/Politics_of_Dayton,_Ohio
790	http://dbpedia.org/resource/Monophonic_sound
791	http://dbpedia.org/resource/Vice_President_of_the_United_States
792	http://wifo5-03.informatik.uni-mannheim.de/flickrwrappr/photos/Henry_IV_of_France
793	http://en.wikipedia.org/wiki/Charles_Darwin
794	http://dbpedia.org/resource/Parliamentary_system
795	http://dbpedia.org/resource/1080i
796	http://dbpedia.org/resource/Mark_Goodson
797	http://upload.wikimedia.org/wikipedia/commons/thumb/c/c7/Rice_University_seal.svg/200px-Rice_University_seal.svg.png
798	http://wifo5-03.informatik.uni-mannheim.de/flickrwrappr/photos/Mortal_Kombat_Trilogy
799	http://wifo5-03.informatik.uni-mannheim.de/flickrwrappr/photos/Richard_Mentor_Johnson
800	http://dbpedia.org/resource/Louisiana
801	http://dbpedia.org/resource/Denis_Su%C3%A1rez
802	http://en.wikipedia.org/wiki/Joe_Biden
803	http://upload.wikimedia.org/wikipedia/commons/thumb/d/d1/Ferrari-Logo.svg/200px-Ferrari-Logo.svg.png
804	http://dbpedia.org/resource/William_Shakespeare
805	http://dbpedia.org/resource/Scott_Weinger
806	http://upload.wikimedia.org/wikipedia/commons/4/4a/BillGates2012.jpg
807	http://dbpedia.org/resource/Conference_USA
808	http://dbpedia.org/resource/Independent_(politician)
809	http://dbpedia.org/resource/Stephen_Ormsby
810	http://dbpedia.org/resource/Matija_Nastasi%C4%87
811	http://dbpedia.org/resource/David_Crane_(producer)
812	http://dbpedia.org/resource/List_of_World_Heritage_Sites
813	http://turner.house.gov/
814	http://dbpedia.org/resource/Bill_Gates__2
815	http://dbpedia.org/resource/Wilmslow
816	http://dbpedia.org/resource/Michael_Curtis_(TV_producer)
817	http://dbpedia.org/resource/Partitions_of_Poland
818	http://dbpedia.org/resource/S&P_500
819	http://dbpedia.org/resource/2011%E2%80%9312_Premier_League
820	http://dbpedia.org/resource/Roland_Burris
821	http://dbpedia.org/resource/Ethiopia
822	http://dbpedia.org/resource/Silas_Deane
823	http://dbpedia.org/resource/Texan_(disambiguation)
824	http://en.wikipedia.org/wiki/Ann_Arbor,_Michigan
825	http://dbpedia.org/resource/Senate_of_the_Republic_of_Poland
826	http://wifo5-03.informatik.uni-mannheim.de/flickrwrappr/photos/Lexus
827	http://dbpedia.org/resource/Vincent_Kompany
828	http://dbpedia.org/resource/Margaret_of_Valois
829	http://dbpedia.org/resource/Washtenaw_County,_Michigan
830	http://dbpedia.org/resource/File:RiceU_BlueSealLogo.png
831	http://dbpedia.org/resource/University_of_Berlin
832	http://dbpedia.org/resource/United_States_Army
833	http://dbpedia.org/resource/Pieter_Hilhorst
834	http://dbpedia.org/resource/Donald_Tusk
835	http://en.wikipedia.org/wiki/Joe_Biden?oldid=547812672
836	http://dbpedia.org/resource/Jonathan_Russell
837	http://en.wikipedia.org/wiki/Love_Me_(Justin_Bieber_song)
838	http://dbpedia.org/resource/Order_of_Distinction
839	http://dbpedia.org/resource/Viktor_Khristenko
840	http://dbpedia.org/resource/Japan
841	http://dbpedia.org/resource/Vladimir_Putin__2
842	http://upload.wikimedia.org/wikipedia/commons/c/c7/Rice_University_seal.svg
843	http://wifo5-03.informatik.uni-mannheim.de/flickrwrappr/photos/Original_Sin_(2001_film)
844	http://dbpedia.org/resource/Napier's_bones
845	http://wifo5-03.informatik.uni-mannheim.de/flickrwrappr/photos/Family_Feud
846	http://dbpedia.org/resource/Abdisalam_Ibrahim
847	http://dbpedia.org/resource/Ronald_William_Miller
848	http://dbpedia.org/resource/Game.com
849	http://dbpedia.org/resource/Chinese_martial_arts
850	http://dbpedia.org/resource/Christian
851	http://dbpedia.org/resource/Bill_Gates__1
852	http://en.wikipedia.org/wiki/Seychelles?oldid=547744333
853	http://dbpedia.org/resource/Adventure_(genre)
854	http://dbpedia.org/resource/Automobiles
855	http://en.wikipedia.org/wiki/Reign_of_Fire_(film)?oldid=540286162
856	http://upload.wikimedia.org/wikipedia/commons/8/87/Annarborskyline.jpg
857	http://dbpedia.org/resource/House_of_Bourbon
858	http://en.wikipedia.org/wiki/Amsterdam
859	http://dbpedia.org/resource/Cincinnati,_Ohio
860	http://dbpedia.org/resource/Jamie_Walters_(American_entertainer)
861	http://dbpedia.org/resource/Senate_of_the_Parliament_of_the_Czech_Republic
862	http://dbpedia.org/resource/Victoria,_Seychelles
863	http://dbpedia.org/resource/Tejano
864	http://dbpedia.org/resource/Coordinated_Universal_Time
865	http://dbpedia.org/resource/Kowloon_Tong
866	http://dbpedia.org/resource/University_of_Manchester
867	http://dbpedia.org/resource/Logarithm
868	http://upload.wikimedia.org/wikipedia/commons/thumb/4/4a/BillGates2012.jpg/200px-BillGates2012.jpg
869	http://wifo5-03.informatik.uni-mannheim.de/flickrwrappr/photos/Czech_Republic
870	http://dbpedia.org/resource/Kung_Fu
871	http://upload.wikimedia.org/wikipedia/commons/e/e3/John_Napier.jpg
872	http://dbpedia.org/resource/War_of_1812
873	http://en.wikipedia.org/wiki/Czech_Republic
874	http://dbpedia.org/resource/PlayStation_3
875	http://dbpedia.org/resource/Barack_Obama__1
876	http://dbpedia.org/resource/Central_Time_Zone_(North_America)
877	http://dbpedia.org/resource/Retail
878	http://dbpedia.org/resource/Ulm
879	http://en.wikipedia.org/wiki/Candle_in_the_Wind?oldid=548314767
880	http://dbpedia.org/resource/Carlos_Slim
881	http://dbpedia.org/resource/National_Assembly_(Poland)
882	http://dbpedia.org/resource/Linda_Lee_Cadwell
883	http://dbpedia.org/resource/James_Johnson_(Kentucky)
884	http://dbpedia.org/resource/Vladimir_Putin__1
885	http://dbpedia.org/resource/Freek_Ossel
886	http://dbpedia.org/resource/Hatsuo_Royama
887	http://dbpedia.org/resource/Federal_Information_Processing_Standard
888	http://en.wikipedia.org/wiki/Alan_Turing?oldid=548596608
889	http://dbpedia.org/resource/Natural_selection
890	http://dbpedia.org/resource/Malia_Obama
891	http://dbpedia.org/resource/Philadelphia
892	http://dbpedia.org/resource/Independence
893	http://dbpedia.org/resource/Micah_Richards
894	http://dbpedia.org/resource/Tori_Spelling
895	http://dbpedia.org/resource/D'Mile
896	http://dbpedia.org/resource/Richard_Lugar
897	http://dbpedia.org/resource/Thomas_Jefferson
898	http://dbpedia.org/resource/Continental_Congress
899	http://en.wikipedia.org/wiki/Vladimir_Putin
900	http://dbpedia.org/resource/Alice_Palmer_(politician)
901	http://dbpedia.org/resource/Peter_Fitzgerald_(politician)
902	http://dbpedia.org/resource/John_O'Hurley
903	http://dbpedia.org/resource/Richard_Mentor_Johnson__2
904	http://dbpedia.org/resource/Sergio_Ag%C3%BCero
905	http://dbpedia.org/resource/Tempestt_Bledsoe
906	http://dbpedia.org/resource/Douglas_Seale
907	http://dbpedia.org/resource/20th_Television
908	http://dbpedia.org/resource/Lake_Tana
909	http://dbpedia.org/resource/Alfred_Kleiner
910	http://en.wikipedia.org/wiki/The_Cosby_Show
911	http://dbpedia.org/resource/Aspect_ratio_(image)
912	http://dbpedia.org/resource/Denver
913	http://dbpedia.org/resource/List_of_Prime_Ministers_of_the_Czech_Republic
914	http://upload.wikimedia.org/wikipedia/commons/c/c8/Alan_Turing_photo.jpg
915	http://dbpedia.org/resource/Unification_of_Norway
916	http://dbpedia.org/resource/Andr%C3%A9e_van_Es
917	http://dbpedia.org/resource/R-Zone
918	http://dbpedia.org/resource/Shrewsbury
919	http://wifo5-03.informatik.uni-mannheim.de/flickrwrappr/photos/Marie_Curie
920	http://search.proquest.com/docview/301792588
921	http://dbpedia.org/resource/Burundi
922	http://dbpedia.org/resource/Kenya
923	http://dbpedia.org/resource/Flag_of_Texas
924	http://dbpedia.org/resource/University_of_Karlsruhe
925	http://www.facebook.com/joebiden/
926	http://dbpedia.org/resource/Congregationalist
927	http://dbpedia.org/resource/Ian_Ziering
928	http://dbpedia.org/resource/Mikhail_Fradkov
929	http://dbpedia.org/resource/Russian_Orthodox_Church
930	http://dbpedia.org/resource/COROP
931	http://en.wikipedia.org/wiki/Manchester_City_F.C.?oldid=547226848
932	http://dbpedia.org/resource/Joe_Biden__1
933	http://dbpedia.org/resource/Roman_Catholicism
934	http://dbpedia.org/resource/Dennis_Kucinich
935	http://dbpedia.org/resource/Ogg
936	http://dbpedia.org/resource/Mayor_of_Dayton,_Ohio
937	http://dbpedia.org/resource/George_W._Bush
938	http://dbpedia.org/resource/Central_Standard_Time
939	http://dbpedia.org/resource/Grant_Heslov
940	http://dbpedia.org/resource/Arkansas
941	http://dbpedia.org/resource/Hans_Albert_Einstein
942	http://en.wikipedia.org/wiki/Lexus?oldid=543119450
943	http://dbpedia.org/resource/Michael_Ironside
944	http://en.wikipedia.org/wiki/Texas
945	http://dbpedia.org/resource/John_Lubbock,_1st_Baron_Avebury
946	http://upload.wikimedia.org/wikipedia/commons/thumb/3/33/Usain_Bolt_2012_Olympics_1.jpg/200px-Usain_Bolt_2012_Olympics_1.jpg
947	http://dbpedia.org/resource/Premier_League
948	http://dbpedia.org/resource/Turing_test
949	http://dbpedia.org/resource/Best_Track_and_Field_Athlete_ESPY_Award
950	http://upload.wikimedia.org/wikipedia/commons/thumb/e/ef/EdwardTeller1958_fewer_smudges.jpg/200px-EdwardTeller1958_fewer_smudges.jpg
951	http://dbpedia.org/resource/Kuk_Harrell
952	http://en.wikipedia.org/wiki/Never_Let_You_Go_(Justin_Bieber_song)
953	http://dbpedia.org/resource/Jason_Priestley
954	http://dbpedia.org/resource/Jennifer_Lopez
955	http://wifo5-03.informatik.uni-mannheim.de/flickrwrappr/photos/John_Napier
956	http://dbpedia.org/resource/Alex_Nimely
957	http://dbpedia.org/resource/Bill_Gates__3
958	http://dbpedia.org/resource/Melinda_Gates
959	http://dbpedia.org/resource/Hungary
960	http://dbpedia.org/resource/Humboldt_University_of_Berlin
961	http://dbpedia.org/resource/Government_Communications_Headquarters
962	http://dbpedia.org/resource/Chris_Terrio
963	http://dbpedia.org/resource/Government_Code_and_Cypher_School
964	http://dbpedia.org/resource/Lorne_Balfe
965	http://dbpedia.org/resource/Amsterdam-West
966	http://dbpedia.org/resource/On_the_Origin_of_Species
967	http://dbpedia.org/resource/Men's_100_metres_world_record_progression
968	http://dbpedia.org/resource/Atlanta_Civic_Center
969	http://upload.wikimedia.org/wikipedia/commons/0/08/Walt_disney_portrait.jpg
970	http://dbpedia.org/resource/President_of_the_Czech_Republic
971	http://dbpedia.org/resource/100_metres
972	http://dbpedia.org/resource/Plano,_Texas
973	http://upload.wikimedia.org/wikipedia/commons/f/f4/Dawson_City_Lookout_Yukon_River_3264px.jpg
974	http://en.wikipedia.org/wiki/Marie_Curie?oldid=547107936
975	http://en.wikipedia.org/wiki/Amsterdam?oldid=548577509
976	http://dbpedia.org/resource/Video_game_music
977	http://dbpedia.org/resource/Princeton_University
978	http://en.wikipedia.org/wiki/Walt_Disney?oldid=545713691
979	http://dbpedia.org/resource/Dick_Cheney
980	http://dbpedia.org/resource/President_of_Poland
981	http://dbpedia.org/resource/Norwegians
982	http://en.wikipedia.org/wiki/Ferrari
983	http://dbpedia.org/resource/World_War_II
984	http://wifo5-03.informatik.uni-mannheim.de/flickrwrappr/photos/Texas
985	http://upload.wikimedia.org/wikipedia/commons/e/e9/Flag_of_Poland_(normative).svg
986	http://dbpedia.org/resource/Wilmington,_Delaware
987	http://dbpedia.org/resource/List_of_billionaires
988	http://dbpedia.org/resource/Nile__sourcePosition__2
989	http://dbpedia.org/resource/Jimmy_MacDonald_(sound_effects_artist)
990	http://dbpedia.org/resource/Jennifer_Aniston
991	http://dbpedia.org/resource/Jeanne_d'Albret
992	http://dbpedia.org/resource/NBC_Universal_Television_Distribution
993	http://dbpedia.org/resource/Guangdong
994	http://dbpedia.org/resource/Sarah_Franklin_Bache
995	http://dbpedia.org/resource/Edin_D%C5%BEeko
996	http://dbpedia.org/resource/Prime_Minister_of_the_Republic_of_Poland
997	http://dbpedia.org/resource/Adrian,_Michigan
998	http://dbpedia.org/resource/Trident_Studios
999	http://dbpedia.org/resource/Matthew_McConaughey
1000	http://en.wikipedia.org/wiki/Friedrich_Engel_(mathematician)
1001	http://dbpedia.org/resource/Mileva_Mari%C4%87
1002	http://dbpedia.org/resource/Iowa
1003	http://www.barackobama.com
1004	http://dbpedia.org/resource/Evolution
1005	http://dbpedia.org/resource/.sc
1006	http://dbpedia.org/resource/Maida_Vale
1007	http://wifo5-03.informatik.uni-mannheim.de/flickrwrappr/photos/Alan_Turing
1008	http://dbpedia.org/resource/Run_the_World
1009	http://wifo5-03.informatik.uni-mannheim.de/flickrwrappr/photos/Norway
1010	http://dbpedia.org/resource/Einstein_family
1011	http://upload.wikimedia.org/wikipedia/commons/e/e1/Argo2012Poster.jpg
1012	http://dbpedia.org/resource/Polkovnik
1013	http://dbpedia.org/resource/Karlsruhe_Institute_of_Technology
1014	http://dbpedia.org/resource/Constitutional_law
1015	http://dbpedia.org/resource/Warner_Bros._Studios
1016	http://dbpedia.org/resource/Edd_Kalehoff
1017	http://dbpedia.org/resource/4:3
1018	http://dbpedia.org/resource/Atlanta,_Georgia
1019	http://upload.wikimedia.org/wikipedia/commons/8/82/90210Logo.jpg
1020	http://upload.wikimedia.org/wikipedia/commons/thumb/0/08/Walt_disney_portrait.jpg/200px-Walt_disney_portrait.jpg
1021	http://dbpedia.org/resource/MCA_Records
1022	http://upload.wikimedia.org/wikipedia/commons/8/8d/President_Barack_Obama.jpg
1023	http://dbpedia.org/resource/Dance-pop
1024	http://dbpedia.org/resource/Constitution_of_Norway
1025	http://dbpedia.org/resource/Smokehouse_Pictures
1026	http://dbpedia.org/resource/Guadalupe_Peak
1027	http://upload.wikimedia.org/wikipedia/commons/thumb/7/70/MKTBox.jpg/200px-MKTBox.jpg
1028	http://dbpedia.org/resource/Models_Inc.
1029	http://dbpedia.org/resource/Politics_of_the_United_States
1030	http://dbpedia.org/resource/Lester_Bowie
1031	http://dbpedia.org/resource/Urban_area
1032	http://dbpedia.org/resource/Joseph_Dalton_Hooker
1033	http://dbpedia.org/resource/Chemistry
1034	http://dbpedia.org/resource/Andr%C3%A9-Louis_Debierne
1035	http://dbpedia.org/resource/Master_of_Sports
1036	http://dbpedia.org/resource/Vladimir_Putin__4
1037	http://dbpedia.org/resource/Norwegian_parliamentary_election,_2009
1038	http://dbpedia.org/resource/Devolution
1039	http://dbpedia.org/resource/Ronny_Cox
1040	http://dbpedia.org/resource/Toledo,_Ohio
1041	http://dbpedia.org/resource/People's_Republic_of_China
1042	http://dbpedia.org/resource/Luca_di_Montezemolo
1043	http://dbpedia.org/resource/Dedryck_Boyata
1044	http://dbpedia.org/resource/Arnold_Schwarzenegger
1045	http://dbpedia.org/resource/Frankfort,_Kentucky
1046	http://dbpedia.org/resource/Jack_Rodwell
1047	http://dbpedia.org/resource/Harvard_University
1048	http://dbpedia.org/resource/Eric_A._Sears
1049	http://dbpedia.org/resource/Seychelles_Time
1050	http://dbpedia.org/resource/King_of_Navarre
1051	http://dbpedia.org/resource/Kwame_Raoul
1052	http://dbpedia.org/resource/Paddington
1053	http://dbpedia.org/resource/Craig_Handy
1054	http://dbpedia.org/resource/Council-Manager
1055	http://en.wikipedia.org/wiki/Richard_Mentor_Johnson
1056	http://dbpedia.org/resource/Prague
1057	http://dbpedia.org/resource/Clay_Dixon
1058	http://dbpedia.org/resource/Baptist
1059	http://en.wikipedia.org/wiki/Seychelles
1060	http://dbpedia.org/resource/National_Assembly_(Seychelles)
1061	http://dbpedia.org/resource/National_Physical_Laboratory,_UK
1062	http://dbpedia.org/resource/L'%C3%89quipe_Champion_of_Champions
1063	http://dbpedia.org/resource/National_Physical_Laboratory_(United_Kingdom)
1064	http://dbpedia.org/resource/Joyce_Beatty
1065	http://upload.wikimedia.org/wikipedia/commons/thumb/a/a1/Crysis_2_cover.png/200px-Crysis_2_cover.png
1066	http://dbpedia.org/resource/Chicago,_Illinois
1067	http://dbpedia.org/resource/Ted_Cruz
1068	http://dbpedia.org/resource/Ga%C3%ABl_Clichy
1069	http://dbpedia.org/resource/Men's_200_metres_world_record_progression
1070	http://wifo5-03.informatik.uni-mannheim.de/flickrwrappr/photos/Barack_Obama
1071	http://dbpedia.org/resource/Brian_Austin_Green
1072	http://dbpedia.org/resource/Wayne_Bridge
1073	http://dbpedia.org/resource/Werner_Heisenberg
1074	http://dbpedia.org/resource/Elizabeth_II
1075	http://dbpedia.org/resource/Dallas%E2%80%93Fort_Worth_metroplex
1076	http://dbpedia.org/resource/Enzo_Ferrari
1077	http://upload.wikimedia.org/wikipedia/commons/thumb/c/cf/Manchester_City.svg/200px-Manchester_City.svg.png
1078	http://upload.wikimedia.org/wikipedia/commons/2/2e/Charles_Darwin_seated_crop.jpg
1079	http://dbpedia.org/resource/Capital_city
1080	http://upload.wikimedia.org/wikipedia/commons/thumb/d/d1/Lexus_division_emblem.svg/200px-Lexus_division_emblem.svg.png
1081	http://dbpedia.org/resource/Kevin_S._Bright
1082	http://dbpedia.org/resource/Gramophone_record
1083	http://en.wikipedia.org/wiki/J._C._Penney
1084	http://dbpedia.org/resource/San_Francisco_Chinese_Hospital
1085	http://dbpedia.org/resource/Richard_Mentor_Johnson__1
1086	http://dbpedia.org/resource/Radioactive_decay
1087	http://dbpedia.org/resource/People's_Republic_of_Poland
1088	http://dbpedia.org/resource/University_of_St_Andrews
1089	http://dbpedia.org/resource/Decimal_mark
1090	http://dbpedia.org/resource/Polish_z%C5%82oty
1091	http://dbpedia.org/resource/My_World_(EP)
1092	http://wifo5-03.informatik.uni-mannheim.de/flickrwrappr/photos/Aladdin_(1992_Disney_film)
1093	http://dbpedia.org/resource/Automotive
1094	http://dbpedia.org/resource/Coat_of_arms_of_Amsterdam
1095	http://www.benfranklin300.com/
1096	http://dbpedia.org/resource/Team_Knight_Rider
1097	http://en.wikipedia.org/wiki/Crysis_2
1098	http://dbpedia.org/resource/Peter_Parros
1099	http://dbpedia.org/resource/A_Different_World_(TV_series)
1100	http://dbpedia.org/resource/Glendale,_California
1101	http://upload.wikimedia.org/wikipedia/commons/d/d1/Ferrari-Logo.svg
1102	http://dbpedia.org/resource/Fighting_game
1103	http://upload.wikimedia.org/wikipedia/commons/thumb/a/a4/(promo_cover).jpg/200px-(promo_cover).jpg
1104	http://dbpedia.org/resource/Teen_drama
1105	http://upload.wikimedia.org/wikipedia/commons/thumb/7/71/Marie_Curie_c1920.png/200px-Marie_Curie_c1920.png
1106	http://dbpedia.org/resource/Scott_Silveri
1107	http://dbpedia.org/resource/Chen_Ning_Yang
1108	http://dbpedia.org/resource/Seal_of_Texas
1109	http://en.wikipedia.org/wiki/Nile?oldid=547344631
1110	http://dbpedia.org/resource/Daytime_Emmy_Award_for_Outstanding_Game/Audience_Participation_Show
1111	http://dbpedia.org/resource/Societ%C3%A0_per_azioni
1112	http://www.nationalfootballmuseum.com/hall-of-fame/profiles/
1113	http://dbpedia.org/resource/Fiat
1114	http://dbpedia.org/resource/Constitutional_monarchy
1115	http://wifo5-03.informatik.uni-mannheim.de/flickrwrappr/photos/Candle_in_the_Wind
1116	http://dbpedia.org/resource/Maranello
1117	http://en.wikipedia.org/wiki/Total_Recall_(1990_film)
1118	http://dbpedia.org/resource/Kent
1119	http://wifo5-03.informatik.uni-mannheim.de/flickrwrappr/photos/Bill_Gates
1120	http://en.wikipedia.org/wiki/Bill_Gates?oldid=548580337
1121	http://dbpedia.org/resource/Baywatch_Nights
1122	http://wifo5-03.informatik.uni-mannheim.de/flickrwrappr/photos/Total_Recall_(1990_film)
1123	http://dbpedia.org/resource/Arthur_Lee_(diplomat)
1124	http://dbpedia.org/resource/Touchstone_Pictures
1125	http://en.wikipedia.org/wiki/Friends?oldid=547882844
1126	http://dbpedia.org/resource/British_Columbia
1127	http://dbpedia.org/resource/Supercar
1128	http://wifo5-03.informatik.uni-mannheim.de/flickrwrappr/photos/Ann_Arbor,_Michigan
1129	http://dbpedia.org/resource/Amsterdam-Oost
1130	http://dbpedia.org/resource/RBMG
1131	http://dbpedia.org/resource/Costel_Pantilimon
1132	http://dbpedia.org/resource/Illinois_Senate
1133	http://en.wikipedia.org/wiki/Candle_in_the_Wind
1134	http://dbpedia.org/resource/E._Duke_Vincent
1135	http://en.wikipedia.org/wiki/Barack_Obama
1136	http://dbpedia.org/resource/ROM_cartridge
1137	http://dbpedia.org/resource/Czech_Socialist_Republic
1138	http://dbpedia.org/resource/Stadsdeel
1139	http://dbpedia.org/resource/Graham_King
1140	http://upload.wikimedia.org/wikipedia/commons/thumb/c/ca/Vladimir_Putin_12015.jpg/200px-Vladimir_Putin_12015.jpg
1141	http://dbpedia.org/resource/Personal_computer
1142	http://dbpedia.org/resource/China
1143	http://dbpedia.org/resource/University_of_Cambridge
1144	http://dbpedia.org/resource/Strom_Thurmond
1145	http://upload.wikimedia.org/wikipedia/commons/6/64/Biden_2013.jpg
1146	http://dbpedia.org/resource/Saint_George
1147	http://dbpedia.org/resource/Santa_Monica,_California
1148	http://dbpedia.org/resource/Turing_pattern
1149	http://dbpedia.org/resource/Mickey_Mouse
1150	http://dbpedia.org/resource/Bill_Gates__4
1151	http://dbpedia.org/resource/Reece_Wabara
1152	http://dbpedia.org/resource/Michelle_Obama
1153	http://dbpedia.org/resource/Gareth_Barry
1154	http://dbpedia.org/resource/CD-ROM
1155	http://dbpedia.org/resource/Computer_science
1156	http://dbpedia.org/resource/Presidential_system
1157	http://dbpedia.org/resource/Division_(business)
1158	http://dbpedia.org/resource/Vice_president
1159	http://wifo5-03.informatik.uni-mannheim.de/flickrwrappr/photos/Ferrari
1160	http://dbpedia.org/resource/Diane_Disney_Miller
1161	http://upload.wikimedia.org/wikipedia/commons/5/58/Aladdinposter.jpg
1162	http://upload.wikimedia.org/wikipedia/commons/3/38/Cosby_Show_-_Logo.png
1163	http://dbpedia.org/resource/Hesse
1164	http://upload.wikimedia.org/wikipedia/commons/c/cf/Manchester_City.svg
1165	http://dbpedia.org/resource/Flint,_Michigan
1166	http://en.wikipedia.org/wiki/Bill_Gates
1167	http://dbpedia.org/resource/Jahn%E2%80%93Teller_effect
1168	http://dbpedia.org/resource/Hunter_Biden
1169	http://dbpedia.org/resource/Duchy_of_Warsaw
1170	http://dbpedia.org/resource/Lisa_Kudrow
1171	http://dbpedia.org/resource/Hessen
1172	http://dbpedia.org/resource/Scranton,_Pennsylvania
1173	http://wifo5-03.informatik.uni-mannheim.de/flickrwrappr/photos/Amsterdam
1174	http://wifo5-03.informatik.uni-mannheim.de/flickrwrappr/photos/Vladimir_Putin
1175	http://dbpedia.org/resource/Supreme_Court_of_Norway
1176	http://dbpedia.org/resource/Colonel_(United_States)
1177	http://dbpedia.org/resource/Kingdom_of_Poland_(1025%E2%80%931385)
1178	http://dbpedia.org/resource/Westpoort
1179	http://en.wikipedia.org/wiki/Albert_Einstein
1180	http://dbpedia.org/resource/The_Voyage_of_the_Beagle
1181	http://dbpedia.org/resource/Common_law_marriage
1182	http://en.wikipedia.org/wiki/Vladimir_Putin?oldid=548232030
1183	http://dbpedia.org/resource/CBS_Television_Distribution
1184	http://dbpedia.org/resource/Honolulu
1185	http://dbpedia.org/resource/Walt_Disney__1
1186	http://dbpedia.org/resource/Keshia_Knight_Pulliam
1187	http://dbpedia.org/resource/Kalamazoo,_Michigan
1188	http://dbpedia.org/resource/National_Assembly_of_the_Republic_of_Poland
1189	http://dbpedia.org/resource/Isham_Talbot
1190	http://dbpedia.org/resource/Roberto_Mancini
1191	http://dbpedia.org/resource/Viacom_Productions
1192	http://dbpedia.org/resource/Dianne_Feinstein
1193	http://dbpedia.org/resource/List_of_World_Heritage_Sites_in_Europe
1194	http://dbpedia.org/resource/Henry_Briggs_(mathematician)
1195	http://upload.wikimedia.org/wikipedia/commons/thumb/8/8a/JCPenney_2012_logo.svg/200px-JCPenney_2012_logo.svg.png
1196	http://dbpedia.org/resource/Steve_Harvey
1197	http://wifo5-03.informatik.uni-mannheim.de/flickrwrappr/photos/Beverly_Hills,_90210
1198	http://en.wikipedia.org/wiki/Beverly_Hills,_90210
1199	http://dbpedia.org/resource/Republic
1200	http://upload.wikimedia.org/wikipedia/commons/d/d9/Flag_of_Norway.svg
1201	http://www.poland.travel/en
1202	http://dbpedia.org/resource/President_of_Seychelles
1203	http://upload.wikimedia.org/wikipedia/commons/thumb/d/d9/Flag_of_Norway.svg/200px-Flag_of_Norway.svg.png
1204	http://dbpedia.org/resource/Warner_Bros._Television
1205	http://dbpedia.org/resource/Mario_Kassar
1206	http://en.wikipedia.org/wiki/Nile
1207	http://www.bruceleefoundation.com/
1208	http://en.wikipedia.org/wiki/Bruce_Lee
1209	http://dbpedia.org/resource/Corbis
1210	http://dbpedia.org/resource/Koste_Seselwa
1211	http://dbpedia.org/resource/Poland_Is_Not_Yet_Lost
1212	http://www.whitehouse.gov/administration/vice-president-biden/
1213	http://upload.wikimedia.org/wikipedia/commons/7/70/MKTBox.jpg
1214	http://dbpedia.org/resource/Medina,_Washington
1215	http://dbpedia.org/resource/Oregon_Symphony
1216	http://dbpedia.org/resource/Lansing,_Michigan
1217	http://upload.wikimedia.org/wikipedia/commons/a/a4/(promo_cover).jpg
1218	http://dbpedia.org/resource/Boris_Gryzlov
1219	http://dbpedia.org/resource/Polish%E2%80%93Lithuanian_Commonwealth
1220	http://dbpedia.org/resource/Douglas_Emerson
1221	http://dbpedia.org/resource/Universal_Studios
1222	http://dbpedia.org/resource/Charles_Lyell
1223	http://en.wikipedia.org/wiki/Albert_Einstein?oldid=548308618
1224	http://dbpedia.org/resource/College_van_burgemeester_en_wethouders
1225	http://upload.wikimedia.org/wikipedia/commons/7/77/FamilyFeud2007Logo.png
1226	http://dbpedia.org/resource/Bill_&_Melinda_Gates_Foundation
1227	http://dbpedia.org/resource/Rwanda
1228	http://dbpedia.org/resource/Hyde_Park_Entertainment
1229	http://dbpedia.org/resource/Sudan
1230	http://wifo5-03.informatik.uni-mannheim.de/flickrwrappr/photos/Joe_Biden
1231	http://upload.wikimedia.org/wikipedia/commons/thumb/c/c6/Reign_of_Fire_movie.jpg/200px-Reign_of_Fire_movie.jpg
1232	http://dbpedia.org/resource/200_metres
1233	http://dbpedia.org/resource/Ray_Combs
1234	http://dbpedia.org/resource/Jill_Biden
1235	http://dbpedia.org/resource/Church_of_Scotland
1236	http://dbpedia.org/resource/Boston
1237	http://upload.wikimedia.org/wikipedia/commons/a/ac/Mike_Turner,_Official_Portrait,_c112th_Congress.jpg
1238	http://wifo5-03.informatik.uni-mannheim.de/flickrwrappr/photos/Edward_Teller
1239	http://en.wikipedia.org/wiki/Edward_Teller
1240	http://en.wikipedia.org/wiki/Love_Me_(Justin_Bieber_song)?oldid=547160061
1241	http://dbpedia.org/resource/Forest_Lawn_Memorial_Park,_Glendale
1242	http://dbpedia.org/resource/Prime_Minister_of_Russia
1243	http://upload.wikimedia.org/wikipedia/commons/thumb/3/38/HenriIV.jpg/200px-HenriIV.jpg
1244	http://dbpedia.org/resource/Nikolai_Patrushev
1245	http://dbpedia.org/resource/Common-law_marriage
1246	http://dbpedia.org/resource/Sharon_Stone
1247	http://dbpedia.org/resource/Czechoslovakia
1248	http://dbpedia.org/resource/Var%C3%A8se_Sarabande
1249	http://dbpedia.org/resource/Thomas_Sandford
1250	http://upload.wikimedia.org/wikipedia/commons/c/cb/Flag_of_the_Czech_Republic.svg
1251	http://dbpedia.org/resource/Run_the_World_(song)
1252	http://en.wikipedia.org/wiki/Baywatch?oldid=547105195
1253	http://en.wikipedia.org/wiki/Friedrich_Engel_(mathematician)?oldid=546766827
1254	http://dbpedia.org/resource/Mortal_Kombat
1255	http://wifo5-03.informatik.uni-mannheim.de/flickrwrappr/photos/J._C._Penney
1256	http://en.wikipedia.org/wiki/Argo_(2012_film)?oldid=548580418
1257	http://upload.wikimedia.org/wikipedia/commons/0/07/Elton_John_-_Candle_in_the_Wind_(1986).jpg
1258	http://dbpedia.org/resource/Saxony
1259	http://wifo5-03.informatik.uni-mannheim.de/flickrwrappr/photos/Bruce_Lee
1260	http://upload.wikimedia.org/wikipedia/commons/c/c6/Reign_of_Fire_movie.jpg
1261	http://upload.wikimedia.org/wikipedia/commons/6/66/Einstein_1921_by_F_Schmutzer.jpg
1262	http://upload.wikimedia.org/wikipedia/commons/thumb/f/f4/Dawson_City_Lookout_Yukon_River_3264px.jpg/200px-Dawson_City_Lookout_Yukon_River_3264px.jpg
1263	http://dbpedia.org/resource/Seychellois_Creole
1264	http://dbpedia.org/resource/Midway_Games
1265	http://dbpedia.org/resource/Multichannel_television_sound
1266	http://dbpedia.org/resource/Bobby_McFerrin
1267	http://wifo5-03.informatik.uni-mannheim.de/flickrwrappr/photos/Reign_of_Fire_(film)
1268	http://dbpedia.org/resource/Nikolay_Kovalyov_(politician)
1269	http://dbpedia.org/resource/Texian
1270	http://en.wikipedia.org/wiki/Poland
1271	http://dbpedia.org/resource/Track_&_Field_News_Athlete_of_the_Year
1272	http://en.wikipedia.org/wiki/Rice_University
1273	http://www.mcfc.co.uk/The-Club/Club-History/Past-Players
1274	http://dbpedia.org/resource/Unity_(Russian_political_party)
1275	http://upload.wikimedia.org/wikipedia/commons/thumb/c/cc/BenFranklinDuplessis.jpg/200px-BenFranklinDuplessis.jpg
1276	http://www.norway.no/
1277	http://en.wikipedia.org/wiki/Mortal_Kombat_Trilogy?oldid=541603965
1278	http://dbpedia.org/resource/Burton_Richardson_(announcer)
1279	http://dbpedia.org/resource/90210_(TV_series)
1280	http://dbpedia.org/resource/Pau,_Pyr%C3%A9n%C3%A9es-Atlantiques
1281	http://dbpedia.org/resource/Wil_Calhoun
1282	http://dbpedia.org/resource/Case_Western_Reserve
1283	http://dbpedia.org/resource/Jamaica_Sportsperson_of_the_year
1284	http://upload.wikimedia.org/wikipedia/commons/thumb/2/2e/Charles_Darwin_seated_crop.jpg/200px-Charles_Darwin_seated_crop.jpg
1285	http://dbpedia.org/resource/Chuck_Grassley
1286	http://dbpedia.org/resource/Knight_Rider_(2008_TV_series)
1287	http://dbpedia.org/resource/Ohio_Northern_University
1288	http://dbpedia.org/resource/Czechs
1289	http://dbpedia.org/resource/Prime_Minister_of_Norway
1290	http://wifo5-03.informatik.uni-mannheim.de/flickrwrappr/photos/Walt_Disney
1291	http://dbpedia.org/resource/Track_&_Field_Athlete_of_the_Year
1292	http://dbpedia.org/resource/Shannon_Lee
1293	http://en.wikipedia.org/wiki/Beverly_Hills,_90210?oldid=548486808
1294	http://dbpedia.org/resource/History_of_the_Czech_lands
1295	http://dbpedia.org/resource/Tiffani_Thiessen
1296	http://dbpedia.org/resource/Yukon_River__mouthPosition__1
1297	http://dbpedia.org/resource/Hermosa,_Chicago
1298	http://dbpedia.org/resource/Walt_Disney_Pictures
1299	http://www.familyfeud.com/
1300	http://en.wikipedia.org/wiki/Mike_Turner
1301	http://dbpedia.org/resource/Multiple-camera_setup
1302	http://upload.wikimedia.org/wikipedia/commons/7/71/Marie_Curie_c1920.png
1303	http://dbpedia.org/resource/Runaway_Love_(Justin_Bieber_song)
1304	http://dbpedia.org/resource/Karim_Rekik
1305	http://dbpedia.org/resource/CBS_Television_City
1306	http://dbpedia.org/resource/Lee_Hoi-chuen
1307	http://dbpedia.org/resource/Nobel_Peace_Prize
1308	http://dbpedia.org/resource/Sammy_the_Owl
1309	http://en.wikipedia.org/wiki/J._C._Penney?oldid=548607298
1310	http://dbpedia.org/resource/Joe_Biden__6
1311	http://dbpedia.org/resource/Sprint_(running)
1312	http://dbpedia.org/resource/I'm_Into_You
1313	http://dbpedia.org/resource/Speaker_of_the_Pennsylvania_House_of_Representatives
1314	http://en.wikipedia.org/wiki/Poland?oldid=547946249
1315	http://dbpedia.org/resource/Richard_Dawson
1316	http://dbpedia.org/resource/Heinrich_Friedrich_Weber
1317	http://whc.unesco.org/en/list/1349/
1318	http://upload.wikimedia.org/wikipedia/commons/c/ca/Vladimir_Putin_12015.jpg
1319	http://dbpedia.org/resource/Carlos_T%C3%A9vez
1320	http://upload.wikimedia.org/wikipedia/commons/9/92/Flag_of_the_Seychelles.svg
1321	http://dbpedia.org/resource/Passy,_Haute-Savoie
1322	http://dbpedia.org/resource/Democratic-Republican_Party
1323	http://dbpedia.org/resource/+248
1324	http://dbpedia.org/resource/Lieserl_Einstein
1325	http://dbpedia.org/resource/StudioCanal
1326	http://dbpedia.org/resource/United_States_Senate_Committee_on_the_Judiciary
1327	http://dbpedia.org/resource/John_Adams
1328	http://en.wikipedia.org/wiki/Ann_Arbor,_Michigan?oldid=547839304
1329	http://en.wikipedia.org/wiki/Benjamin_Franklin
1330	http://dbpedia.org/resource/Pablo_Zabaleta
1331	http://dbpedia.org/resource/Vice_President_of_Seychelles
1332	http://dbpedia.org/resource/James_Milner
1333	http://dbpedia.org/resource/Urban_districts_of_Netherlands
1334	http://wifo5-03.informatik.uni-mannheim.de/flickrwrappr/photos/Albert_Einstein
1335	http://en.wikipedia.org/wiki/Usain_Bolt
1336	http://dbpedia.org/resource/Academy_Award_for_Best_Original_Song
1337	http://upload.wikimedia.org/wikipedia/commons/f/f7/Flag_of_Texas.svg
1338	http://www.czechtourism.com/Homepage.aspx?lang=en-GB&selectedculture=en-US
1339	http://dbpedia.org/resource/Amsterdam-Zuidoost
1340	http://dbpedia.org/resource/Egypt
1341	http://upload.wikimedia.org/wikipedia/commons/b/bc/RichardMentorJohnson.png
1342	http://wifo5-03.informatik.uni-mannheim.de/flickrwrappr/photos/(What_Is)_Love%3F
1343	http://dbpedia.org/resource/Harald_V_of_Norway
1344	http://dbpedia.org/resource/Shunde_District
1345	http://dbpedia.org/resource/Teen_pop
1346	http://en.wikipedia.org/wiki/Usain_Bolt?oldid=546464032
1347	http://dbpedia.org/resource/Amsterdam-Noord
1348	http://dbpedia.org/resource/University_of_Giessen
1349	http://dbpedia.org/resource/Mitt_Romney
1350	http://upload.wikimedia.org/wikipedia/commons/thumb/c/cb/Flag_of_the_Czech_Republic.svg/200px-Flag_of_the_Czech_Republic.svg.png
1351	http://dbpedia.org/resource/Skagerrak
1352	http://upload.wikimedia.org/wikipedia/commons/8/8e/Amsterdam_Collage.png
1353	http://dbpedia.org/resource/English_people
1354	http://dbpedia.org/resource/Polish-Lithuanian_commonwealth
1355	http://upload.wikimedia.org/wikipedia/commons/thumb/8/8e/Amsterdam_Collage.png/200px-Amsterdam_Collage.png
1356	http://dbpedia.org/resource/ESPCI
1357	http://dbpedia.org/resource/Beau_Biden
1358	http://dbpedia.org/resource/Blue_Nile
1359	http://dbpedia.org/resource/Warner_Bros._Television_Distribution
1360	http://dbpedia.org/resource/Parliament_of_Norway
1361	http://dbpedia.org/resource/Dissolution_of_Czechoslovakia
1362	http://dbpedia.org/resource/List_of_United_States_Democratic_Party_presidential_tickets
1363	http://dbpedia.org/resource/Jon_Povill
1364	http://upload.wikimedia.org/wikipedia/commons/thumb/b/bc/RichardMentorJohnson.png/200px-RichardMentorJohnson.png
1365	http://dbpedia.org/resource/James_Michel
1366	http://en.wikipedia.org/wiki/Knight_Rider_(1982_TV_series)
1367	http://dbpedia.org/resource/Downe
1368	http://www.direct.gov.uk/
1369	http://upload.wikimedia.org/wikipedia/commons/6/68/Baywatch_logo.jpg
1370	http://upload.wikimedia.org/wikipedia/commons/b/be/Flag_of_England.svg
1371	http://dbpedia.org/resource/Richard_Wright_(footballer)
1372	http://dbpedia.org/resource/Amsterdam-Centrum
1373	http://dbpedia.org/resource/Dramatic_programming
1374	http://en.wikipedia.org/wiki/Ferrari?oldid=548559290
1375	http://dbpedia.org/resource/Monarchy_of_the_United_Kingdom
1376	http://wifo5-03.informatik.uni-mannheim.de/flickrwrappr/photos/Rice_University
1377	http://dbpedia.org/resource/New_Mexico
1378	http://dbpedia.org/resource/List_of_mayors_of_Amsterdam
